t_10Hz,t_video (secs),frame_index
0.0,0.0,0
0.1,0.6621712744436952,20
0.2,1.3243425488873903,40
0.3,1.9865138233310855,60
0.4,2.6486850977747807,79
0.5,3.310856372218476,99
0.6,3.973027646662171,119
0.7,4.635198921105866,139
0.8,5.297370195549561,159
0.9,5.9595414699932565,179
1.0,6.621712744436952,199
1.1,7.283884018880647,219
1.2,7.946055293324342,238
1.3,8.608226567768037,258
1.4,9.270397842211732,278
1.5,9.932569116655428,298
1.6,10.594740391099123,318
1.7,11.256911665542818,338
1.8,11.919082939986513,358
1.9,12.581254214430208,377
2.0,13.243425488873903,397
2.1,13.905596763317599,417
2.2,14.567768037761294,437
2.3,15.229939312204989,457
2.4,15.892110586648684,477
2.5,16.554281861092377,497
2.6,17.21645313553607,516
2.7,17.878624409979764,536
2.8,18.540795684423458,556
2.9,19.20296695886715,576
3.0,19.865138233310844,596
3.1,20.527309507754538,616
3.2,21.18948078219823,636
3.3,21.851652056641925,656
3.4,22.513823331085618,675
3.5,23.17599460552931,695
3.6,23.838165879973005,715
3.7,24.500337154416698,735
3.8,25.16250842886039,755
3.9,25.824679703304085,775
4.0,26.48685097774778,795
4.1,27.14902225219147,814
4.2,27.811193526635165,834
4.3,28.47336480107886,854
4.4,29.135536075522552,874
4.5,29.797707349966245,894
4.6,30.45987862440994,914
4.7,31.122049898853632,934
4.8,31.784221173297325,954
4.9,32.44639244774102,973
5.0,33.10856372218471,993
5.1,33.770734996628406,1013
5.2,34.4329062710721,1033
5.3,35.09507754551579,1053
5.4,35.757248819959486,1073
5.5,36.41942009440318,1093
5.6,37.08159136884687,1112
5.7,37.743762643290566,1132
5.8,38.40593391773426,1152
5.9,39.06810519217795,1172
6.0,39.730276466621646,1192
6.1,40.39244774106534,1212
6.2,41.05461901550903,1232
6.3,41.716790289952726,1252
6.4,42.37896156439642,1271
6.5,43.04113283884011,1291
6.6,43.70330411328381,1311
6.7,44.3654753877275,1331
6.8,45.02764666217119,1351
6.9,45.68981793661489,1371
7.0,46.35198921105858,1391
7.1,47.01416048550227,1410
7.2,47.67633175994597,1430
7.3,48.33850303438966,1450
7.4,49.000674308833354,1470
7.5,49.66284558327705,1490
7.6,50.32501685772074,1510
7.7,50.987188132164434,1530
7.8,51.64935940660813,1549
7.9,52.31153068105182,1569
8.0,52.973701955495514,1589
8.1,53.63587322993921,1609
8.2,54.2980445043829,1629
8.3,54.960215778826594,1649
8.4,55.62238705327029,1669
8.5,56.28455832771398,1689
8.6,56.946729602157674,1708
8.7,57.60890087660137,1728
8.8,58.27107215104506,1748
8.9,58.933243425488754,1768
9.0,59.59541469993245,1788
9.1,60.25758597437614,1808
9.2,60.919757248819835,1828
9.3,61.58192852326353,1847
9.4,62.24409979770722,1867
9.5,62.906271072150915,1887
9.6,63.56844234659461,1907
9.7,64.2306136210383,1927
9.8,64.892784895482,1947
9.9,65.55495616992569,1967
10.0,66.21712744436938,1987
10.1,66.87929871881308,2006
10.2,67.54146999325677,2026
10.3,68.20364126770046,2046
10.4,68.86581254214416,2066
10.5,69.52798381658785,2086
10.6,70.19015509103154,2106
10.7,70.85232636547524,2126
10.8,71.51449763991893,2145
10.9,72.17666891436262,2165
11.0,72.83884018880632,2185
11.1,73.50101146325001,2205
11.2,74.1631827376937,2225
11.3,74.8253540121374,2245
11.4,75.48752528658109,2265
11.5,76.14969656102478,2284
11.6,76.81186783546848,2304
11.7,77.47403910991217,2324
11.8,78.13621038435586,2344
11.9,78.79838165879956,2364
12.0,79.46055293324325,2384
12.1,80.12272420768694,2404
12.2,80.78489548213064,2424
12.3,81.44706675657433,2443
12.4,82.10923803101802,2463
12.5,82.77140930546172,2483
12.6,83.43358057990541,2503
12.7,84.0957518543491,2523
12.8,84.7579231287928,2543
12.9,85.42009440323649,2563
13.0,86.08226567768018,2582
13.1,86.74443695212388,2602
13.2,87.40660822656757,2622
13.3,88.06877950101126,2642
13.4,88.73095077545496,2662
13.5,89.39312204989865,2682
13.6,90.05529332434234,2702
13.7,90.71746459878604,2722
13.8,91.37963587322973,2741
13.9,92.04180714767342,2761
14.0,92.70397842211712,2781
14.1,93.36614969656081,2801
14.2,94.0283209710045,2821
14.3,94.6904922454482,2841
14.4,95.35266351989189,2861
14.5,96.01483479433558,2880
14.6,96.67700606877928,2900
14.7,97.33917734322297,2920
14.8,98.00134861766666,2940
14.9,98.66351989211036,2960
15.0,99.32569116655405,2980
15.1,99.98786244099774,3000
15.2,100.65003371544144,3020
15.3,101.31220498988513,3039
15.4,101.97437626432882,3059
15.5,102.63654753877252,3079
15.6,103.29871881321621,3099
15.7,103.9608900876599,3119
15.8,104.6230613621036,3139
15.9,105.28523263654729,3159
16.0,105.94740391099099,3178
16.1,106.60957518543468,3198
16.2,107.27174645987837,3218
16.3,107.93391773432207,3238
16.4,108.59608900876576,3258
16.5,109.25826028320945,3278
16.6,109.92043155765315,3298
16.7,110.58260283209684,3317
16.8,111.24477410654053,3337
16.9,111.90694538098423,3357
17.0,112.56911665542792,3377
17.1,113.23128792987161,3397
17.2,113.8934592043153,3417
17.3,114.555630478759,3437
17.4,115.21780175320269,3457
17.5,115.87997302764639,3476
17.6,116.54214430209008,3496
17.7,117.20431557653377,3516
17.8,117.86648685097747,3536
17.9,118.52865812542116,3556
18.0,119.19082939986485,3576
18.1,119.85300067430855,3596
18.2,120.51517194875224,3615
18.3,121.17734322319593,3635
18.4,121.83951449763963,3655
18.5,122.50168577208332,3675
18.6,123.16385704652701,3695
18.7,123.8260283209707,3715
18.8,124.4881995954144,3735
18.9,125.1503708698581,3755
19.0,125.81254214430179,3774
19.1,126.47471341874548,3794
19.2,127.13688469318917,3814
19.3,127.79905596763287,3834
19.4,128.46122724207657,3854
19.5,129.12339851652027,3874
19.6,129.78556979096396,3894
19.7,130.44774106540766,3913
19.8,131.10991233985135,3933
19.9,131.77208361429504,3953
20.0,132.43425488873874,3973
20.1,133.09642616318243,3993
20.2,133.75859743762612,4013
20.3,134.42076871206982,4033
20.4,135.0829399865135,4052
20.5,135.7451112609572,4072
20.6,136.4072825354009,4092
20.7,137.0694538098446,4112
20.8,137.73162508428828,4132
20.9,138.39379635873198,4152
21.0,139.05596763317567,4172
21.1,139.71813890761936,4192
21.2,140.38031018206306,4211
21.3,141.04248145650675,4231
21.4,141.70465273095044,4251
21.5,142.36682400539414,4271
21.6,143.02899527983783,4291
21.7,143.69116655428152,4311
21.8,144.35333782872522,4331
21.9,145.0155091031689,4350
22.0,145.6776803776126,4370
22.1,146.3398516520563,4390
22.2,147.0020229265,4410
22.3,147.66419420094368,4430
22.4,148.32636547538738,4450
22.5,148.98853674983107,4470
22.6,149.65070802427476,4490
22.7,150.31287929871846,4509
22.8,150.97505057316215,4529
22.9,151.63722184760584,4549
23.0,152.29939312204954,4569
23.1,152.96156439649323,4589
23.2,153.62373567093692,4609
23.3,154.28590694538062,4629
23.4,154.9480782198243,4648
23.5,155.610249494268,4668
23.6,156.2724207687117,4688
23.7,156.9345920431554,4708
23.8,157.59676331759908,4728
23.9,158.25893459204278,4748
24.0,158.92110586648647,4768
24.1,159.58327714093016,4787
24.2,160.24544841537386,4807
24.3,160.90761968981755,4827
24.4,161.56979096426124,4847
24.5,162.23196223870494,4867
24.6,162.89413351314863,4887
24.7,163.55630478759232,4907
24.8,164.21847606203602,4927
24.9,164.8806473364797,4946
25.0,165.5428186109234,4966
25.1,166.2049898853671,4986
25.2,166.8671611598108,5006
25.3,167.52933243425448,5026
25.4,168.19150370869818,5046
25.5,168.85367498314187,5066
25.6,169.51584625758557,5085
25.7,170.17801753202926,5105
25.8,170.84018880647295,5125
25.9,171.50236008091665,5145
26.0,172.16453135536034,5165
26.1,172.82670262980403,5185
26.2,173.48887390424773,5205
26.3,174.15104517869142,5225
26.4,174.8132164531351,5244
26.5,175.4753877275788,5264
26.6,176.1375590020225,5284
26.7,176.7997302764662,5304
26.8,177.4619015509099,5324
26.9,178.12407282535358,5344
27.0,178.78624409979727,5364
27.1,179.44841537424097,5383
27.2,180.11058664868466,5403
27.3,180.77275792312835,5423
27.4,181.43492919757205,5443
27.5,182.09710047201574,5463
27.6,182.75927174645943,5483
27.7,183.42144302090313,5503
27.8,184.08361429534682,5523
27.9,184.7457855697905,5542
28.0,185.4079568442342,5562
28.1,186.0701281186779,5582
28.2,186.7322993931216,5602
28.3,187.3944706675653,5622
28.4,188.05664194200898,5642
28.5,188.71881321645267,5662
28.6,189.38098449089637,5681
28.7,190.04315576534006,5701
28.8,190.70532703978375,5721
28.9,191.36749831422745,5741
29.0,192.02966958867114,5761
29.1,192.69184086311483,5781
29.2,193.35401213755853,5801
29.3,194.01618341200222,5820
29.4,194.6783546864459,5840
29.5,195.3405259608896,5860
29.6,196.0026972353333,5880
29.7,196.664868509777,5900
29.8,197.3270397842207,5920
29.9,197.98921105866438,5940
30.0,198.65138233310807,5960
30.1,199.31355360755177,5979
30.2,199.97572488199546,5999
30.3,200.63789615643915,6019
30.4,201.30006743088285,6039
30.5,201.96223870532654,6059
30.6,202.62440997977023,6079
30.7,203.28658125421393,6099
30.8,203.94875252865762,6118
30.9,204.61092380310131,6138
31.0,205.273095077545,6158
31.1,205.9352663519887,6178
31.2,206.5974376264324,6198
31.3,207.2596089008761,6218
31.4,207.92178017531978,6238
31.5,208.58395144976348,6258
31.6,209.24612272420717,6277
31.7,209.90829399865086,6297
31.8,210.57046527309456,6317
31.9,211.23263654753825,6337
32.0,211.89480782198194,6357
32.1,212.55697909642564,6377
32.2,213.21915037086933,6397
32.3,213.88132164531302,6416
32.4,214.54349291975672,6436
32.5,215.2056641942004,6456
32.6,215.8678354686441,6476
32.7,216.5300067430878,6496
32.8,217.1921780175315,6516
32.9,217.85434929197518,6536
33.0,218.51652056641888,6555
33.1,219.17869184086257,6575
33.2,219.84086311530626,6595
33.3,220.50303438974996,6615
33.4,221.16520566419365,6635
33.5,221.82737693863734,6655
33.6,222.48954821308104,6675
33.7,223.15171948752473,6695
33.8,223.81389076196842,6714
33.9,224.47606203641212,6734
34.0,225.1382333108558,6754
34.1,225.8004045852995,6774
34.2,226.4625758597432,6794
34.3,227.1247471341869,6814
34.4,227.78691840863058,6834
34.5,228.44908968307428,6853
34.6,229.11126095751797,6873
34.7,229.77343223196166,6893
34.8,230.43560350640536,6913
34.9,231.09777478084905,6933
35.0,231.75994605529274,6953
35.1,232.42211732973644,6973
35.2,233.08428860418013,6993
35.3,233.74645987862382,7012
35.4,234.40863115306752,7032
35.5,235.0708024275112,7052
35.6,235.7329737019549,7072
35.7,236.3951449763986,7092
35.8,237.0573162508423,7112
35.9,237.71948752528598,7132
36.0,238.38165879972968,7151
36.1,239.04383007417337,7171
36.2,239.70600134861706,7191
36.3,240.36817262306076,7211
36.4,241.03034389750445,7231
36.5,241.69251517194814,7251
36.6,242.35468644639184,7271
36.7,243.01685772083553,7291
36.8,243.67902899527923,7310
36.9,244.34120026972292,7330
37.0,245.0033715441666,7350
37.1,245.6655428186103,7370
37.2,246.327714093054,7390
37.3,246.9898853674977,7410
37.4,247.65205664194139,7430
37.5,248.31422791638508,7449
37.6,248.97639919082877,7469
37.7,249.63857046527247,7489
37.8,250.30074173971616,7509
37.9,250.96291301415985,7529
38.0,251.62508428860355,7549
38.1,252.28725556304724,7569
38.2,252.94942683749093,7588
38.3,253.61159811193463,7608
38.4,254.27376938637832,7628
38.5,254.935940660822,7648
38.6,255.5981119352657,7668
38.7,256.2602832097094,7688
38.8,256.92245448415315,7708
38.9,257.58462575859687,7728
39.0,258.2467970330406,7747
39.1,258.9089683074843,7767
39.2,259.57113958192804,7787
39.3,260.23331085637176,7807
39.4,260.8954821308155,7827
39.5,261.5576534052592,7847
39.6,262.2198246797029,7867
39.7,262.88199595414665,7886
39.8,263.54416722859037,7906
39.9,264.2063385030341,7926
40.0,264.8685097774778,7946
40.1,265.53068105192153,7966
40.2,266.19285232636526,7986
40.3,266.855023600809,8006
40.4,267.5171948752527,8026
40.5,268.1793661496964,8045
40.6,268.84153742414014,8065
40.7,269.50370869858386,8085
40.8,270.1658799730276,8105
40.9,270.8280512474713,8125
41.0,271.49022252191503,8145
41.1,272.15239379635875,8165
41.2,272.8145650708025,8184
41.3,273.4767363452462,8204
41.4,274.1389076196899,8224
41.5,274.80107889413364,8244
41.6,275.46325016857736,8264
41.7,276.1254214430211,8284
41.8,276.7875927174648,8304
41.9,277.4497639919085,8323
42.0,278.11193526635225,8343
42.1,278.77410654079597,8363
42.2,279.4362778152397,8383
42.3,280.0984490896834,8403
42.4,280.76062036412713,8423
42.5,281.42279163857086,8443
42.6,282.0849629130146,8463
42.7,282.7471341874583,8482
42.8,283.409305461902,8502
42.9,284.07147673634574,8522
43.0,284.73364801078947,8542
43.1,285.3958192852332,8562
43.2,286.0579905596769,8582
43.3,286.72016183412063,8602
43.4,287.38233310856435,8621
43.5,288.0445043830081,8641
43.6,288.7066756574518,8661
43.7,289.3688469318955,8681
43.8,290.03101820633924,8701
43.9,290.69318948078296,8721
44.0,291.3553607552267,8741
44.1,292.0175320296704,8761
44.2,292.6797033041141,8780
44.3,293.34187457855785,8800
44.4,294.00404585300157,8820
44.5,294.6662171274453,8840
44.6,295.328388401889,8860
44.7,295.99055967633274,8880
44.8,296.65273095077646,8900
44.9,297.3149022252202,8919
45.0,297.9770734996639,8939
45.1,298.6392447741076,8959
45.2,299.30141604855135,8979
45.3,299.96358732299507,8999
45.4,300.6257585974388,9019
45.5,301.2879298718825,9039
45.6,301.95010114632623,9059
45.7,302.61227242076995,9078
45.8,303.2744436952137,9098
45.9,303.9366149696574,9118
46.0,304.5987862441011,9138
46.1,305.26095751854484,9158
46.2,305.92312879298856,9178
46.3,306.5853000674323,9198
46.4,307.247471341876,9217
46.5,307.90964261631973,9237
46.6,308.57181389076345,9257
46.7,309.2339851652072,9277
46.8,309.8961564396509,9297
46.9,310.5583277140946,9317
47.0,311.22049898853834,9337
47.1,311.88267026298206,9356
47.2,312.5448415374258,9376
47.3,313.2070128118695,9396
47.4,313.8691840863132,9416
47.5,314.53135536075695,9436
47.6,315.19352663520067,9456
47.7,315.8556979096444,9476
47.8,316.5178691840881,9496
47.9,317.18004045853183,9515
48.0,317.84221173297556,9535
48.1,318.5043830074193,9555
48.2,319.166554281863,9575
48.3,319.8287255563067,9595
48.4,320.49089683075044,9615
48.5,321.15306810519417,9635
48.6,321.8152393796379,9654
48.7,322.4774106540816,9674
48.8,323.13958192852533,9694
48.9,323.80175320296905,9714
49.0,324.4639244774128,9734
49.1,325.1260957518565,9754
49.2,325.7882670263002,9774
49.3,326.45043830074394,9794
49.4,327.11260957518766,9813
49.5,327.7747808496314,9833
49.6,328.4369521240751,9853
49.7,329.0991233985188,9873
49.8,329.76129467296255,9893
49.9,330.42346594740627,9913
50.0,331.08563722185,9933
50.1,331.7478084962937,9952
50.2,332.40997977073744,9972
50.3,333.07215104518116,9992
50.4,333.7343223196249,10012
50.5,334.3964935940686,10032
50.6,335.0586648685123,10052
50.7,335.72083614295605,10072
50.8,336.38300741739977,10091
50.9,337.0451786918435,10111
51.0,337.7073499662872,10131
51.1,338.36952124073093,10151
51.2,339.03169251517465,10171
51.3,339.6938637896184,10191
51.4,340.3560350640621,10211
51.5,341.0182063385058,10231
51.6,341.68037761294954,10250
51.7,342.34254888739326,10270
51.8,343.004720161837,10290
51.9,343.6668914362807,10310
52.0,344.32906271072443,10330
52.1,344.99123398516815,10350
52.2,345.6534052596119,10370
52.3,346.3155765340556,10389
52.4,346.9777478084993,10409
52.5,347.63991908294304,10429
52.6,348.30209035738676,10449
52.7,348.9642616318305,10469
52.8,349.6264329062742,10489
52.9,350.2886041807179,10509
53.0,350.95077545516165,10529
53.1,351.61294672960537,10548
53.2,352.2751180040491,10568
53.3,352.9372892784928,10588
53.4,353.59946055293653,10608
53.5,354.26163182738026,10628
53.6,354.923803101824,10648
53.7,355.5859743762677,10668
53.8,356.2481456507114,10687
53.9,356.91031692515514,10707
54.0,357.57248819959887,10727
54.1,358.2346594740426,10747
54.2,358.8968307484863,10767
54.3,359.55900202293003,10787
54.4,360.22117329737375,10807
54.5,360.8833445718175,10827
54.6,361.5455158462612,10846
54.7,362.2076871207049,10866
54.8,362.86985839514864,10886
54.9,363.53202966959236,10906
55.0,364.1942009440361,10926
55.1,364.8563722184798,10946
55.2,365.5185434929235,10966
55.3,366.18071476736725,10985
55.4,366.84288604181097,11005
55.5,367.5050573162547,11025
55.6,368.1672285906984,11045
55.7,368.82939986514214,11065
55.8,369.49157113958586,11085
55.9,370.1537424140296,11105
56.0,370.8159136884733,11124
56.1,371.478084962917,11144
56.2,372.14025623736075,11164
56.3,372.80242751180447,11184
56.4,373.4645987862482,11204
56.5,374.1267700606919,11224
56.6,374.78894133513563,11244
56.7,375.45111260957935,11264
56.8,376.1132838840231,11283
56.9,376.7754551584668,11303
57.0,377.4376264329105,11323
57.1,378.09979770735424,11343
57.2,378.76196898179796,11363
57.3,379.4241402562417,11383
57.4,380.0863115306854,11403
57.5,380.74848280512913,11422
57.6,381.41065407957285,11442
57.7,382.0728253540166,11462
57.8,382.7349966284603,11482
57.9,383.397167902904,11502
58.0,384.05933917734774,11522
58.1,384.72151045179146,11542
58.2,385.3836817262352,11562
58.3,386.0458530006789,11581
58.4,386.7080242751226,11601
58.5,387.37019554956635,11621
58.6,388.03236682401007,11641
58.7,388.6945380984538,11661
58.8,389.3567093728975,11681
58.9,390.01888064734123,11701
59.0,390.68105192178496,11720
59.1,391.3432231962287,11740
59.2,392.0053944706724,11760
59.3,392.6675657451161,11780
59.4,393.32973701955984,11800
59.5,393.99190829400357,11820
59.6,394.6540795684473,11840
59.7,395.316250842891,11859
59.8,395.97842211733473,11879
59.9,396.64059339177845,11899
60.0,397.3027646662222,11919
60.1,397.9649359406659,11939
60.2,398.6271072151096,11959
60.3,399.28927848955334,11979
60.4,399.95144976399706,11999
60.5,400.6136210384408,12018
60.6,401.2757923128845,12038
60.7,401.9379635873282,12058
60.8,402.60013486177195,12078
60.9,403.26230613621567,12098
61.0,403.9244774106594,12118
61.1,404.5866486851031,12138
61.2,405.24881995954684,12157
61.3,405.91099123399056,12177
61.4,406.5731625084343,12197
61.5,407.235333782878,12217
61.6,407.8975050573217,12237
61.7,408.55967633176544,12257
61.8,409.22184760620917,12277
61.9,409.8840188806529,12297
62.0,410.5461901550966,12316
62.1,411.20836142954033,12336
62.2,411.87053270398405,12356
62.3,412.5327039784278,12376
62.4,413.1948752528715,12396
62.5,413.8570465273152,12416
62.6,414.51921780175894,12436
62.7,415.18138907620266,12455
62.8,415.8435603506464,12475
62.9,416.5057316250901,12495
63.0,417.16790289953383,12515
63.1,417.83007417397755,12535
63.2,418.4922454484213,12555
63.3,419.154416722865,12575
63.4,419.8165879973087,12594
63.5,420.47875927175244,12614
63.6,421.14093054619616,12634
63.7,421.8031018206399,12654
63.8,422.4652730950836,12674
63.9,423.1274443695273,12694
64.0,423.78961564397105,12714
64.1,424.45178691841477,12734
64.2,425.1139581928585,12753
64.3,425.7761294673022,12773
64.4,426.43830074174593,12793
64.5,427.10047201618966,12813
64.6,427.7626432906334,12833
64.7,428.4248145650771,12853
64.8,429.0869858395208,12873
64.9,429.74915711396454,12892
65.0,430.41132838840826,12912
65.1,431.073499662852,12932
65.2,431.7356709372957,12952
65.3,432.39784221173943,12972
65.4,433.06001348618315,12992
65.5,433.7221847606269,13012
65.6,434.3843560350706,13032
65.7,435.0465273095143,13051
65.8,435.70869858395804,13071
65.9,436.37086985840176,13091
66.0,437.0330411328455,13111
66.1,437.6952124072892,13131
66.2,438.3573836817329,13151
66.3,439.01955495617665,13171
66.4,439.68172623062037,13190
66.5,440.3438975050641,13210
66.6,441.0060687795078,13230
66.7,441.66824005395154,13250
66.8,442.33041132839526,13270
66.9,442.992582602839,13290
67.0,443.6547538772827,13310
67.1,444.3169251517264,13330
67.2,444.97909642617014,13349
67.3,445.64126770061387,13369
67.4,446.3034389750576,13389
67.5,446.9656102495013,13409
67.6,447.62778152394503,13429
67.7,448.28995279838875,13449
67.8,448.9521240728325,13469
67.9,449.6142953472762,13488
68.0,450.2764666217199,13508
68.1,450.93863789616364,13528
68.2,451.60080917060736,13548
68.3,452.2629804450511,13568
68.4,452.9251517194948,13588
68.5,453.5873229939385,13608
68.6,454.24949426838225,13627
68.7,454.911665542826,13647
68.8,455.5738368172697,13667
68.9,456.2360080917134,13687
69.0,456.89817936615714,13707
69.1,457.56035064060086,13727
69.2,458.2225219150446,13747
69.3,458.8846931894883,13767
69.4,459.546864463932,13786
69.5,460.20903573837575,13806
69.6,460.87120701281947,13826
69.7,461.5333782872632,13846
69.8,462.1955495617069,13866
69.9,462.85772083615063,13886
70.0,463.51989211059436,13906
70.1,464.1820633850381,13925
70.2,464.8442346594818,13945
70.3,465.5064059339255,13965
70.4,466.16857720836924,13985
70.5,466.83074848281296,14005
70.6,467.4929197572567,14025
70.7,468.1550910317004,14045
70.8,468.81726230614413,14065
70.9,469.47943358058785,14084
71.0,470.1416048550316,14104
71.1,470.8037761294753,14124
71.2,471.465947403919,14144
71.3,472.12811867836274,14164
71.4,472.79028995280646,14184
71.5,473.4524612272502,14204
71.6,474.1146325016939,14223
71.7,474.7768037761376,14243
71.8,475.43897505058135,14263
71.9,476.10114632502507,14283
72.0,476.7633175994688,14303
72.1,477.4254888739125,14323
72.2,478.08766014835624,14343
72.3,478.74983142279996,14362
72.4,479.4120026972437,14382
72.5,480.0741739716874,14402
72.6,480.7363452461311,14422
72.7,481.39851652057484,14442
72.8,482.06068779501857,14462
72.9,482.7228590694623,14482
73.0,483.385030343906,14502
73.1,484.04720161834973,14521
73.2,484.70937289279345,14541
73.3,485.3715441672372,14561
73.4,486.0337154416809,14581
73.5,486.6958867161246,14601
73.6,487.35805799056834,14621
73.7,488.02022926501206,14641
73.8,488.6824005394558,14660
73.9,489.3445718138995,14680
74.0,490.0067430883432,14700
74.1,490.66891436278695,14720
74.2,491.3310856372307,14740
74.3,491.9932569116744,14760
74.4,492.6554281861181,14780
74.5,493.31759946056184,14800
74.6,493.97977073500556,14819
74.7,494.6419420094493,14839
74.8,495.304113283893,14859
74.9,495.9662845583367,14879
75.0,496.62845583278045,14899
75.1,497.29062710722417,14919
75.2,497.9527983816679,14939
75.3,498.6149696561116,14958
75.4,499.27714093055533,14978
75.5,499.93931220499906,14998
75.6,500.6014834794428,15018
75.7,501.2636547538865,15038
75.8,501.9258260283302,15058
75.9,502.58799730277394,15078
76.0,503.25016857721766,15098
76.1,503.9123398516614,15117
76.2,504.5745111261051,15137
76.3,505.23668240054883,15157
76.4,505.89885367499255,15177
76.5,506.5610249494363,15197
76.6,507.22319622388,15217
76.7,507.8853674983237,15237
76.8,508.54753877276744,15256
76.9,509.20971004721116,15276
77.0,509.8718813216549,15296
77.1,510.5340525960986,15316
77.2,511.1962238705423,15336
77.3,511.85839514498605,15356
77.4,512.5205664194298,15376
77.5,513.1827376938735,15395
77.6,513.8449089683172,15415
77.7,514.5070802427609,15435
77.8,515.1692515172047,15455
77.9,515.8314227916484,15475
78.0,516.4935940660921,15495
78.1,517.1557653405358,15515
78.2,517.8179366149795,15535
78.3,518.4801078894233,15554
78.4,519.142279163867,15574
78.5,519.8044504383107,15594
78.6,520.4666217127544,15614
78.7,521.1287929871982,15634
78.8,521.7909642616419,15654
78.9,522.4531355360856,15674
79.0,523.1153068105293,15693
79.1,523.777478084973,15713
79.2,524.4396493594168,15733
79.3,525.1018206338605,15753
79.4,525.7639919083042,15773
79.5,526.4261631827479,15793
79.6,527.0883344571916,15813
79.7,527.7505057316354,15833
79.8,528.4126770060791,15852
79.9,529.0748482805228,15872
80.0,529.7370195549665,15892
80.1,530.3991908294103,15912
80.2,531.061362103854,15932
80.3,531.7235333782977,15952
80.4,532.3857046527414,15972
80.5,533.0478759271851,15991
80.6,533.7100472016289,16011
80.7,534.3722184760726,16031
80.8,535.0343897505163,16051
80.9,535.69656102496,16071
81.0,536.3587322994038,16091
81.1,537.0209035738475,16111
81.2,537.6830748482912,16130
81.3,538.3452461227349,16150
81.4,539.0074173971786,16170
81.5,539.6695886716224,16190
81.6,540.3317599460661,16210
81.7,540.9939312205098,16230
81.8,541.6561024949535,16250
81.9,542.3182737693973,16270
82.0,542.980445043841,16289
82.1,543.6426163182847,16309
82.2,544.3047875927284,16329
82.3,544.9669588671721,16349
82.4,545.6291301416159,16369
82.5,546.2913014160596,16389
82.6,546.9534726905033,16409
82.7,547.615643964947,16428
82.8,548.2778152393907,16448
82.9,548.9399865138345,16468
83.0,549.6021577882782,16488
83.1,550.2643290627219,16508
83.2,550.9265003371656,16528
83.3,551.5886716116094,16548
83.4,552.2508428860531,16568
83.5,552.9130141604968,16587
83.6,553.5751854349405,16607
83.7,554.2373567093842,16627
83.8,554.899527983828,16647
83.9,555.5616992582717,16667
84.0,556.2238705327154,16687
84.1,556.8860418071591,16707
84.2,557.5482130816029,16726
84.3,558.2103843560466,16746
84.4,558.8725556304903,16766
84.5,559.534726904934,16786
84.6,560.1968981793777,16806
84.7,560.8590694538215,16826
84.8,561.5212407282652,16846
84.9,562.1834120027089,16866
85.0,562.8455832771526,16885
85.1,563.5077545515963,16905
85.2,564.1699258260401,16925
85.3,564.8320971004838,16945
85.4,565.4942683749275,16965
85.5,566.1564396493712,16985
85.6,566.818610923815,17005
85.7,567.4807821982587,17024
85.8,568.1429534727024,17044
85.9,568.8051247471461,17064
86.0,569.4672960215898,17084
86.1,570.1294672960336,17104
86.2,570.7916385704773,17124
86.3,571.453809844921,17144
86.4,572.1159811193647,17163
86.5,572.7781523938085,17183
86.6,573.4403236682522,17203
86.7,574.1024949426959,17223
86.8,574.7646662171396,17243
86.9,575.4268374915833,17263
87.0,576.0890087660271,17283
87.1,576.7511800404708,17303
87.2,577.4133513149145,17322
87.3,578.0755225893582,17342
87.4,578.737693863802,17362
87.5,579.3998651382457,17382
87.6,580.0620364126894,17402
87.7,580.7242076871331,17422
87.8,581.3863789615768,17442
87.9,582.0485502360206,17461
88.0,582.7107215104643,17481
88.1,583.372892784908,17501
88.2,584.0350640593517,17521
88.3,584.6972353337954,17541
88.4,585.3594066082392,17561
88.5,586.0215778826829,17581
88.6,586.6837491571266,17601
88.7,587.3459204315703,17620
88.8,588.008091706014,17640
88.9,588.6702629804578,17660
89.0,589.3324342549015,17680
89.1,589.9946055293452,17700
89.2,590.656776803789,17720
89.3,591.3189480782327,17740
89.4,591.9811193526764,17759
89.5,592.6432906271201,17779
89.6,593.3054619015638,17799
89.7,593.9676331760076,17819
89.8,594.6298044504513,17839
89.9,595.291975724895,17859
90.0,595.9541469993387,17879
90.1,596.6163182737824,17898
90.2,597.2784895482262,17918
90.3,597.9406608226699,17938
90.4,598.6028320971136,17958
90.5,599.2650033715573,17978
90.6,599.927174646001,17998
90.7,600.5893459204448,18018
90.8,601.2515171948885,18038
90.9,601.9136884693322,18057
91.0,602.5758597437759,18077
91.1,603.2380310182197,18097
91.2,603.9002022926634,18117
91.3,604.5623735671071,18137
91.4,605.2245448415508,18157
91.5,605.8867161159945,18177
91.6,606.5488873904383,18196
91.7,607.211058664882,18216
91.8,607.8732299393257,18236
91.9,608.5354012137694,18256
92.0,609.1975724882132,18276
92.1,609.8597437626569,18296
92.2,610.5219150371006,18316
92.3,611.1840863115443,18336
92.4,611.846257585988,18355
92.5,612.5084288604318,18375
92.6,613.1706001348755,18395
92.7,613.8327714093192,18415
92.8,614.4949426837629,18435
92.9,615.1571139582067,18455
93.0,615.8192852326504,18475
93.1,616.4814565070941,18494
93.2,617.1436277815378,18514
93.3,617.8057990559815,18534
93.4,618.4679703304253,18554
93.5,619.130141604869,18574
93.6,619.7923128793127,18594
93.7,620.4544841537564,18614
93.8,621.1166554282001,18633
93.9,621.7788267026439,18653
94.0,622.4409979770876,18673
94.1,623.1031692515313,18693
94.2,623.765340525975,18713
94.3,624.4275118004188,18733
94.4,625.0896830748625,18753
94.5,625.7518543493062,18773
94.6,626.4140256237499,18792
94.7,627.0761968981936,18812
94.8,627.7383681726374,18832
94.9,628.4005394470811,18852
95.0,629.0627107215248,18872
95.1,629.7248819959685,18892
95.2,630.3870532704123,18912
95.3,631.049224544856,18931
95.4,631.7113958192997,18951
95.5,632.3735670937434,18971
95.6,633.0357383681871,18991
95.7,633.6979096426309,19011
95.8,634.3600809170746,19031
95.9,635.0222521915183,19051
96.0,635.684423465962,19071
96.1,636.3465947404057,19090
96.2,637.0087660148495,19110
96.3,637.6709372892932,19130
96.4,638.3331085637369,19150
96.5,638.9952798381806,19170
96.6,639.6574511126244,19190
96.7,640.3196223870681,19210
96.8,640.9817936615118,19229
96.9,641.6439649359555,19249
97.0,642.3061362103992,19269
97.1,642.968307484843,19289
97.2,643.6304787592867,19309
97.3,644.2926500337304,19329
97.4,644.9548213081741,19349
97.5,645.6169925826179,19369
97.6,646.2791638570616,19388
97.7,646.9413351315053,19408
97.8,647.603506405949,19428
97.9,648.2656776803927,19448
98.0,648.9278489548365,19468
98.1,649.5900202292802,19488
98.2,650.2521915037239,19508
98.3,650.9143627781676,19527
98.4,651.5765340526114,19547
98.5,652.2387053270551,19567
98.6,652.9008766014988,19587
98.7,653.5630478759425,19607
98.8,654.2252191503862,19627
98.9,654.88739042483,19647
99.0,655.5495616992737,19666
99.1,656.2117329737174,19686
99.2,656.8739042481611,19706
99.3,657.5360755226048,19726
99.4,658.1982467970486,19746
99.5,658.8604180714923,19766
99.6,659.522589345936,19786
99.7,660.1847606203797,19806
99.8,660.8469318948235,19825
99.9,661.5091031692672,19845
100.0,662.1712744437109,19865
100.1,662.8334457181546,19885
100.2,663.4956169925983,19905
100.3,664.1577882670421,19925
100.4,664.8199595414858,19945
100.5,665.4821308159295,19964
100.6,666.1443020903732,19984
100.7,666.806473364817,20004
100.8,667.4686446392607,20024
100.9,668.1308159137044,20044
101.0,668.7929871881481,20064
101.1,669.4551584625918,20084
101.2,670.1173297370356,20104
101.3,670.7795010114793,20123
101.4,671.441672285923,20143
101.5,672.1038435603667,20163
101.6,672.7660148348104,20183
101.7,673.4281861092542,20203
101.8,674.0903573836979,20223
101.9,674.7525286581416,20243
102.0,675.4146999325853,20262
102.1,676.0768712070291,20282
102.2,676.7390424814728,20302
102.3,677.4012137559165,20322
102.4,678.0633850303602,20342
102.5,678.725556304804,20362
102.6,679.3877275792477,20382
102.7,680.0498988536914,20401
102.8,680.7120701281351,20421
102.9,681.3742414025788,20441
103.0,682.0364126770226,20461
103.1,682.6985839514663,20481
103.2,683.36075522591,20501
103.3,684.0229265003537,20521
103.4,684.6850977747974,20541
103.5,685.3472690492412,20560
103.6,686.0094403236849,20580
103.7,686.6716115981286,20600
103.8,687.3337828725723,20620
103.9,687.995954147016,20640
104.0,688.6581254214598,20660
104.1,689.3202966959035,20680
104.2,689.9824679703472,20699
104.3,690.6446392447909,20719
104.4,691.3068105192347,20739
104.5,691.9689817936784,20759
104.6,692.6311530681221,20779
104.7,693.2933243425658,20799
104.8,693.9554956170095,20819
104.9,694.6176668914533,20839
105.0,695.279838165897,20858
105.1,695.9420094403407,20878
105.2,696.6041807147844,20898
105.3,697.2663519892282,20918
105.4,697.9285232636719,20938
105.5,698.5906945381156,20958
105.6,699.2528658125593,20978
105.7,699.915037087003,20997
105.8,700.5772083614468,21017
105.9,701.2393796358905,21037
106.0,701.9015509103342,21057
106.1,702.5637221847779,21077
106.2,703.2258934592217,21097
106.3,703.8880647336654,21117
106.4,704.5502360081091,21137
106.5,705.2124072825528,21156
106.6,705.8745785569965,21176
106.7,706.5367498314403,21196
106.8,707.198921105884,21216
106.9,707.8610923803277,21236
107.0,708.5232636547714,21256
107.1,709.1854349292151,21276
107.2,709.8476062036589,21295
107.3,710.5097774781026,21315
107.4,711.1719487525463,21335
107.5,711.83412002699,21355
107.6,712.4962913014338,21375
107.7,713.1584625758775,21395
107.8,713.8206338503212,21415
107.9,714.4828051247649,21434
108.0,715.1449763992086,21454
108.1,715.8071476736524,21474
108.2,716.4693189480961,21494
108.3,717.1314902225398,21514
108.4,717.7936614969835,21534
108.5,718.4558327714273,21554
108.6,719.118004045871,21574
108.7,719.7801753203147,21593
108.8,720.4423465947584,21613
108.9,721.1045178692021,21633
109.0,721.7666891436459,21653
109.1,722.4288604180896,21673
109.2,723.0910316925333,21693
109.3,723.753202966977,21713
109.4,724.4153742414207,21732
109.5,725.0775455158645,21752
109.6,725.7397167903082,21772
109.7,726.4018880647519,21792
109.8,727.0640593391956,21812
109.9,727.7262306136394,21832
110.0,728.3884018880831,21852
110.1,729.0505731625268,21872
110.2,729.7127444369705,21891
110.3,730.3749157114142,21911
110.4,731.037086985858,21931
110.5,731.6992582603017,21951
110.6,732.3614295347454,21971
110.7,733.0236008091891,21991
110.8,733.6857720836329,22011
110.9,734.3479433580766,22030
111.0,735.0101146325203,22050
111.1,735.672285906964,22070
111.2,736.3344571814077,22090
111.3,736.9966284558515,22110
111.4,737.6587997302952,22130
111.5,738.3209710047389,22150
111.6,738.9831422791826,22169
111.7,739.6453135536264,22189
111.8,740.3074848280701,22209
111.9,740.9696561025138,22229
112.0,741.6318273769575,22249
112.1,742.2939986514012,22269
112.2,742.956169925845,22289
112.3,743.6183412002887,22309
112.4,744.2805124747324,22328
112.5,744.9426837491761,22348
112.6,745.6048550236198,22368
112.7,746.2670262980636,22388
112.8,746.9291975725073,22408
112.9,747.591368846951,22428
113.0,748.2535401213947,22448
113.1,748.9157113958385,22467
113.2,749.5778826702822,22487
113.3,750.2400539447259,22507
113.4,750.9022252191696,22527
113.5,751.5643964936133,22547
113.6,752.2265677680571,22567
113.7,752.8887390425008,22587
113.8,753.5509103169445,22607
113.9,754.2130815913882,22626
114.0,754.875252865832,22646
114.1,755.5374241402757,22666
114.2,756.1995954147194,22686
114.3,756.8617666891631,22706
114.4,757.5239379636068,22726
114.5,758.1861092380506,22746
114.6,758.8482805124943,22765
114.7,759.510451786938,22785
114.8,760.1726230613817,22805
114.9,760.8347943358254,22825
115.0,761.4969656102692,22845
115.1,762.1591368847129,22865
115.2,762.8213081591566,22885
115.3,763.4834794336003,22905
115.4,764.1456507080441,22924
115.5,764.8078219824878,22944
115.6,765.4699932569315,22964
115.7,766.1321645313752,22984
115.8,766.794335805819,23004
115.9,767.4565070802627,23024
116.0,768.1186783547064,23044
116.1,768.7808496291501,23063
116.2,769.4430209035938,23083
116.3,770.1051921780376,23103
116.4,770.7673634524813,23123
116.5,771.429534726925,23143
116.6,772.0917060013687,23163
116.7,772.7538772758124,23183
116.8,773.4160485502562,23202
116.9,774.0782198246999,23222
117.0,774.7403910991436,23242
117.1,775.4025623735873,23262
117.2,776.064733648031,23282
117.3,776.7269049224748,23302
117.4,777.3890761969185,23322
117.5,778.0512474713622,23342
117.6,778.7134187458059,23361
117.7,779.3755900202497,23381
117.8,780.0377612946934,23401
117.9,780.6999325691371,23421
118.0,781.3621038435808,23441
118.1,782.0242751180245,23461
118.2,782.6864463924683,23481
118.3,783.348617666912,23500
118.4,784.0107889413557,23520
118.5,784.6729602157994,23540
118.6,785.3351314902432,23560
118.7,785.9973027646869,23580
118.8,786.6594740391306,23600
118.9,787.3216453135743,23620
119.0,787.983816588018,23640
119.1,788.6459878624618,23659
119.2,789.3081591369055,23679
119.3,789.9703304113492,23699
119.4,790.6325016857929,23719
119.5,791.2946729602367,23739
119.6,791.9568442346804,23759
119.7,792.6190155091241,23779
119.8,793.2811867835678,23798
