frame_filename,target_chf_proximity,predicted_chf_proximity,abs_error
frame_0000.png,0.0,0.02907201647758484,0.02907201647758484
frame_0001.png,0.0,0.01946493238210678,0.01946493238210678
frame_0002.png,0.0,0.023667044937610626,0.023667044937610626
frame_0003.png,0.0,0.020915908738970757,0.020915908738970757
frame_0004.png,0.0,0.021907279267907143,0.021907279267907143
frame_0005.png,0.0,0.021094664931297302,0.021094664931297302
frame_0006.png,0.0,0.026150627061724663,0.026150627061724663
frame_0007.png,0.0,0.026271281763911247,0.026271281763911247
frame_0008.png,0.0,0.022874711081385612,0.022874711081385612
frame_0009.png,0.0,0.024871982634067535,0.024871982634067535
frame_0010.png,0.0,0.021734116598963737,0.021734116598963737
frame_0011.png,0.0,0.024648301303386688,0.024648301303386688
frame_0012.png,0.0,0.022468261420726776,0.022468261420726776
frame_0013.png,0.0,0.030884329229593277,0.030884329229593277
frame_0014.png,0.0,0.021302299574017525,0.021302299574017525
frame_0015.png,0.0,0.023465678095817566,0.023465678095817566
frame_0016.png,0.0,0.02165352553129196,0.02165352553129196
frame_0017.png,0.0,0.023990072309970856,0.023990072309970856
frame_0018.png,0.0,0.024675175547599792,0.024675175547599792
frame_0019.png,0.0,0.027776777744293213,0.027776777744293213
frame_0020.png,0.0,0.025270141661167145,0.025270141661167145
frame_0021.png,0.0,0.02479325234889984,0.02479325234889984
frame_0022.png,0.0,0.021198531612753868,0.021198531612753868
frame_0023.png,0.0,0.02603054605424404,0.02603054605424404
frame_0024.png,0.0,0.025041965767741203,0.025041965767741203
frame_0025.png,0.0,0.022779755294322968,0.022779755294322968
frame_0026.png,0.0,0.025309136137366295,0.025309136137366295
frame_0027.png,0.0,0.022641004994511604,0.022641004994511604
frame_0028.png,0.0,0.02174476347863674,0.02174476347863674
frame_0029.png,0.0,0.02427983656525612,0.02427983656525612
frame_0030.png,0.0,0.024622000753879547,0.024622000753879547
frame_0031.png,0.0,0.020016631111502647,0.020016631111502647
frame_0032.png,0.0,0.022090857848525047,0.022090857848525047
frame_0033.png,0.0,0.02176349051296711,0.02176349051296711
frame_0034.png,0.0,0.02539009042084217,0.02539009042084217
frame_0035.png,0.0,0.02143166959285736,0.02143166959285736
frame_0036.png,0.0,0.02479616552591324,0.02479616552591324
frame_0037.png,0.0,0.022875366732478142,0.022875366732478142
frame_0038.png,0.0,0.025312788784503937,0.025312788784503937
frame_0039.png,0.0,0.024479154497385025,0.024479154497385025
frame_0040.png,0.0,0.02129754237830639,0.02129754237830639
frame_0041.png,0.0,0.017939122393727303,0.017939122393727303
frame_0042.png,0.0,0.019454091787338257,0.019454091787338257
frame_0043.png,0.0,0.02366531454026699,0.02366531454026699
frame_0044.png,0.0,0.022006351500749588,0.022006351500749588
frame_0045.png,0.0,0.02173103392124176,0.02173103392124176
frame_0046.png,0.0,0.024046165868639946,0.024046165868639946
frame_0047.png,0.0,0.022693272680044174,0.022693272680044174
frame_0048.png,0.0,0.02468128688633442,0.02468128688633442
frame_0049.png,0.0,0.025724226608872414,0.025724226608872414
frame_0050.png,0.0,0.020514298230409622,0.020514298230409622
frame_0051.png,0.0,0.02176353521645069,0.02176353521645069
frame_0052.png,0.0,0.020374681800603867,0.020374681800603867
frame_0053.png,0.0,0.020855899900197983,0.020855899900197983
frame_0054.png,0.0,0.023151492699980736,0.023151492699980736
frame_0055.png,0.0,0.025783978402614594,0.025783978402614594
frame_0056.png,0.0,0.02628495916724205,0.02628495916724205
frame_0057.png,0.0,0.02322663925588131,0.02322663925588131
frame_0058.png,0.0,0.020715130493044853,0.020715130493044853
frame_0059.png,0.0,0.022642334923148155,0.022642334923148155
frame_0060.png,0.0,0.020100057125091553,0.020100057125091553
frame_0061.png,0.0,0.021769419312477112,0.021769419312477112
frame_0062.png,0.0,0.016484858468174934,0.016484858468174934
frame_0063.png,0.0,0.01864272728562355,0.01864272728562355
frame_0064.png,0.0,0.017898626625537872,0.017898626625537872
frame_0065.png,0.0,0.022560250014066696,0.022560250014066696
frame_0066.png,0.0,0.020874496549367905,0.020874496549367905
frame_0067.png,0.0,0.021795842796564102,0.021795842796564102
frame_0068.png,0.0,0.020566601306200027,0.020566601306200027
frame_0069.png,0.0,0.025557471439242363,0.025557471439242363
frame_0070.png,0.0,0.022239694371819496,0.022239694371819496
frame_0071.png,0.0,0.025995247066020966,0.025995247066020966
frame_0072.png,0.0,0.023932844400405884,0.023932844400405884
frame_0073.png,0.0,0.021916963160037994,0.021916963160037994
frame_0074.png,0.0,0.02282722480595112,0.02282722480595112
frame_0075.png,0.0,0.021728402003645897,0.021728402003645897
frame_0076.png,0.0,0.022886672988533974,0.022886672988533974
frame_0077.png,0.0,0.025580791756510735,0.025580791756510735
frame_0078.png,0.0,0.02081792801618576,0.02081792801618576
frame_0079.png,0.0,0.020459704101085663,0.020459704101085663
frame_0080.png,0.0,0.02409907430410385,0.02409907430410385
frame_0081.png,0.0,0.02309586852788925,0.02309586852788925
frame_0082.png,0.0,0.02235306054353714,0.02235306054353714
frame_0083.png,0.0,0.022996630519628525,0.022996630519628525
frame_0084.png,0.0,0.02352212741971016,0.02352212741971016
frame_0085.png,0.0,0.024725552648305893,0.024725552648305893
frame_0086.png,0.0,0.025482643395662308,0.025482643395662308
frame_0087.png,0.0,0.020586824044585228,0.020586824044585228
frame_0088.png,0.0,0.02408227138221264,0.02408227138221264
frame_0089.png,0.0,0.02154228277504444,0.02154228277504444
frame_0090.png,0.0,0.022536342963576317,0.022536342963576317
frame_0091.png,0.0,0.022355634719133377,0.022355634719133377
frame_0092.png,0.0,0.02213955670595169,0.02213955670595169
frame_0093.png,0.0,0.020966501906514168,0.020966501906514168
frame_0094.png,0.0,0.02630808763206005,0.02630808763206005
frame_0095.png,0.0,0.0191251989454031,0.0191251989454031
frame_0096.png,0.0,0.028299620375037193,0.028299620375037193
frame_0097.png,0.0,0.022561630234122276,0.022561630234122276
frame_0098.png,0.0,0.026570862159132957,0.026570862159132957
frame_0099.png,0.0,0.027256695553660393,0.027256695553660393
frame_0100.png,0.0,0.02458508126437664,0.02458508126437664
frame_0101.png,0.0,0.02558925375342369,0.02558925375342369
frame_0102.png,0.0,0.022554999217391014,0.022554999217391014
frame_0103.png,0.0,0.02661951258778572,0.02661951258778572
frame_0104.png,0.0,0.018643494695425034,0.018643494695425034
frame_0105.png,0.0,0.024440869688987732,0.024440869688987732
frame_0106.png,0.0,0.023521453142166138,0.023521453142166138
frame_0107.png,0.0,0.02386060357093811,0.02386060357093811
frame_0108.png,0.0,0.02491554245352745,0.02491554245352745
frame_0109.png,0.0,0.024960217997431755,0.024960217997431755
frame_0110.png,0.0,0.024639379233121872,0.024639379233121872
frame_0111.png,0.0,0.024684306234121323,0.024684306234121323
frame_0112.png,0.0,0.02158740721642971,0.02158740721642971
frame_0113.png,0.0,0.021046971902251244,0.021046971902251244
frame_0114.png,0.0,0.02084999904036522,0.02084999904036522
frame_0115.png,0.0,0.022820141166448593,0.022820141166448593
frame_0116.png,0.0,0.02594546042382717,0.02594546042382717
frame_0117.png,0.0,0.02550365962088108,0.02550365962088108
frame_0118.png,0.0,0.02420235611498356,0.02420235611498356
frame_0119.png,0.0,0.02700219675898552,0.02700219675898552
frame_0120.png,0.0,0.02028626762330532,0.02028626762330532
frame_0121.png,0.0,0.026836968958377838,0.026836968958377838
frame_0122.png,0.0,0.022886604070663452,0.022886604070663452
frame_0123.png,0.0,0.020287642255425453,0.020287642255425453
frame_0124.png,0.0,0.02278713323175907,0.02278713323175907
frame_0125.png,0.0,0.019292490556836128,0.019292490556836128
frame_0126.png,0.0,0.019419275224208832,0.019419275224208832
frame_0127.png,0.0,0.019524630159139633,0.019524630159139633
frame_0128.png,0.0,0.019836734980344772,0.019836734980344772
frame_0129.png,0.0,0.02074720710515976,0.02074720710515976
frame_0130.png,0.0,0.020769955590367317,0.020769955590367317
frame_0131.png,0.0,0.02390601672232151,0.02390601672232151
frame_0132.png,0.0,0.024337518960237503,0.024337518960237503
frame_0133.png,0.0,0.023501276969909668,0.023501276969909668
frame_0134.png,0.0,0.02409886196255684,0.02409886196255684
frame_0135.png,0.0,0.02549288235604763,0.02549288235604763
frame_0136.png,0.0,0.023985667154192924,0.023985667154192924
frame_0137.png,0.0,0.02466168999671936,0.02466168999671936
frame_0138.png,0.0,0.025811277329921722,0.025811277329921722
frame_0139.png,0.0,0.025197170674800873,0.025197170674800873
frame_0140.png,0.0,0.02262006886303425,0.02262006886303425
frame_0141.png,0.0,0.022562548518180847,0.022562548518180847
frame_0142.png,0.0,0.028528910130262375,0.028528910130262375
frame_0143.png,0.0,0.023789899423718452,0.023789899423718452
frame_0144.png,0.0,0.027210766449570656,0.027210766449570656
frame_0145.png,0.0,0.027868743985891342,0.027868743985891342
frame_0146.png,0.0,0.02383255586028099,0.02383255586028099
frame_0147.png,0.0,0.024087190628051758,0.024087190628051758
frame_0148.png,0.0,0.028676114976406097,0.028676114976406097
frame_0149.png,0.0,0.02754756063222885,0.02754756063222885
frame_0150.png,0.0,0.019891880452632904,0.019891880452632904
frame_0151.png,0.0,0.018763739615678787,0.018763739615678787
frame_0152.png,0.0,0.022976119071245193,0.022976119071245193
frame_0153.png,0.0,0.023704921826720238,0.023704921826720238
frame_0154.png,0.0,0.02124166116118431,0.02124166116118431
frame_0155.png,0.0,0.01822667010128498,0.01822667010128498
frame_0156.png,0.0,0.01936616189777851,0.01936616189777851
frame_0157.png,0.0,0.02177487313747406,0.02177487313747406
frame_0158.png,0.0,0.02440205216407776,0.02440205216407776
frame_0159.png,0.0,0.021191086620092392,0.021191086620092392
frame_0160.png,0.0,0.019600382074713707,0.019600382074713707
frame_0161.png,0.0,0.02723085507750511,0.02723085507750511
frame_0162.png,0.0,0.021633097901940346,0.021633097901940346
frame_0163.png,0.0,0.023066719993948936,0.023066719993948936
frame_0164.png,0.0,0.02336704358458519,0.02336704358458519
frame_0165.png,0.0,0.021704653277993202,0.021704653277993202
frame_0166.png,0.0,0.024271996691823006,0.024271996691823006
frame_0167.png,0.0,0.029748737812042236,0.029748737812042236
frame_0168.png,0.0,0.024789778515696526,0.024789778515696526
frame_0169.png,0.0,0.023152312263846397,0.023152312263846397
frame_0170.png,0.0,0.020471177995204926,0.020471177995204926
frame_0171.png,0.0,0.0188328605145216,0.0188328605145216
frame_0172.png,0.0,0.02068641409277916,0.02068641409277916
frame_0173.png,0.0,0.022972509264945984,0.022972509264945984
frame_0174.png,0.0,0.018539639189839363,0.018539639189839363
frame_0175.png,0.0,0.022308045998215675,0.022308045998215675
frame_0176.png,0.0,0.026268208399415016,0.026268208399415016
frame_0177.png,0.0,0.020493997260928154,0.020493997260928154
frame_0178.png,0.0,0.02388538420200348,0.02388538420200348
frame_0179.png,0.0,0.02461419813334942,0.02461419813334942
frame_0180.png,0.0,0.02992773801088333,0.02992773801088333
frame_0181.png,0.0,0.020566249266266823,0.020566249266266823
frame_0182.png,0.0,0.024307895451784134,0.024307895451784134
frame_0183.png,0.0,0.02146643027663231,0.02146643027663231
frame_0184.png,0.0,0.028111029416322708,0.028111029416322708
frame_0185.png,0.0,0.022356437519192696,0.022356437519192696
frame_0186.png,0.0,0.019876055419445038,0.019876055419445038
frame_0187.png,0.0,0.027274414896965027,0.027274414896965027
frame_0188.png,0.0,0.02520330809056759,0.02520330809056759
frame_0189.png,0.0,0.019197124987840652,0.019197124987840652
frame_0190.png,0.0,0.02651378884911537,0.02651378884911537
frame_0191.png,0.0,0.022356057539582253,0.022356057539582253
frame_0192.png,0.0,0.030044730752706528,0.030044730752706528
frame_0193.png,0.0,0.01952466182410717,0.01952466182410717
frame_0194.png,0.0,0.020038606598973274,0.020038606598973274
frame_0195.png,0.0,0.018157586455345154,0.018157586455345154
frame_0196.png,0.0,0.018052134662866592,0.018052134662866592
frame_0197.png,0.0,0.02429918944835663,0.02429918944835663
frame_0198.png,0.0,0.019498128443956375,0.019498128443956375
frame_0199.png,0.0,0.024015478789806366,0.024015478789806366
frame_0200.png,0.0,0.01754165068268776,0.01754165068268776
frame_0201.png,0.0,0.020237844437360764,0.020237844437360764
frame_0202.png,0.0,0.023708945140242577,0.023708945140242577
frame_0203.png,0.0,0.022748850286006927,0.022748850286006927
frame_0204.png,0.0,0.022040294483304024,0.022040294483304024
frame_0205.png,0.0,0.021586550399661064,0.021586550399661064
frame_0206.png,0.0,0.025116050615906715,0.025116050615906715
frame_0207.png,0.0,0.023426586762070656,0.023426586762070656
frame_0208.png,0.0,0.02530732937157154,0.02530732937157154
frame_0209.png,0.0,0.021809887140989304,0.021809887140989304
frame_0210.png,0.0,0.0256925281137228,0.0256925281137228
frame_0211.png,0.0,0.02392813377082348,0.02392813377082348
frame_0212.png,0.0,0.021193653345108032,0.021193653345108032
frame_0213.png,0.0,0.026465732604265213,0.026465732604265213
frame_0214.png,0.0,0.02746790088713169,0.02746790088713169
frame_0215.png,0.0,0.028708288446068764,0.028708288446068764
frame_0216.png,0.0,0.02199731580913067,0.02199731580913067
frame_0217.png,0.0,0.024362679570913315,0.024362679570913315
frame_0218.png,0.0,0.026351094245910645,0.026351094245910645
frame_0219.png,0.0,0.02533927746117115,0.02533927746117115
frame_0220.png,0.0,0.02265431545674801,0.02265431545674801
frame_0221.png,0.0,0.026960935443639755,0.026960935443639755
frame_0222.png,0.0,0.027972597628831863,0.027972597628831863
frame_0223.png,0.0,0.02518339455127716,0.02518339455127716
frame_0224.png,0.0,0.02477571927011013,0.02477571927011013
frame_0225.png,0.0,0.019325807690620422,0.019325807690620422
frame_0226.png,0.0,0.028034072369337082,0.028034072369337082
frame_0227.png,0.0,0.021028248593211174,0.021028248593211174
frame_0228.png,0.0,0.019941501319408417,0.019941501319408417
frame_0229.png,0.0,0.021237611770629883,0.021237611770629883
frame_0230.png,0.0,0.024773620069026947,0.024773620069026947
frame_0231.png,0.0,0.020132485777139664,0.020132485777139664
frame_0232.png,0.0,0.0184254702180624,0.0184254702180624
frame_0233.png,0.0,0.019369546324014664,0.019369546324014664
frame_0234.png,0.0,0.022330839186906815,0.022330839186906815
frame_0235.png,0.0,0.020528709515929222,0.020528709515929222
frame_0236.png,0.0,0.023919297382235527,0.023919297382235527
frame_0237.png,0.0,0.020020373165607452,0.020020373165607452
frame_0238.png,0.0,0.023142294958233833,0.023142294958233833
frame_0239.png,0.0,0.02112133614718914,0.02112133614718914
frame_0240.png,0.0,0.014571866020560265,0.014571866020560265
frame_0241.png,0.0,0.008854612708091736,0.008854612708091736
frame_0242.png,0.0,0.015765490010380745,0.015765490010380745
frame_0243.png,0.0,0.01703723333775997,0.01703723333775997
frame_0244.png,0.0,0.013473319821059704,0.013473319821059704
frame_0245.png,0.0,0.014151861891150475,0.014151861891150475
frame_0246.png,0.0,0.012507643550634384,0.012507643550634384
frame_0247.png,0.0,0.010958543047308922,0.010958543047308922
frame_0248.png,0.0,0.012590662576258183,0.012590662576258183
frame_0249.png,0.0,0.017909610643982887,0.017909610643982887
frame_0250.png,0.0,0.017672471702098846,0.017672471702098846
frame_0251.png,0.0,0.029446739703416824,0.029446739703416824
frame_0252.png,0.0,0.014460663311183453,0.014460663311183453
frame_0253.png,0.0,0.01614154875278473,0.01614154875278473
frame_0254.png,0.0,0.010586353950202465,0.010586353950202465
frame_0255.png,0.0,0.0038632480427622795,0.0038632480427622795
frame_0256.png,0.0006186168175190687,0.011645912192761898,0.011027295142412186
frame_0257.png,0.0006186168175190687,0.009163780137896538,0.008545163087546825
frame_0258.png,0.0008630905649624765,0.020098751410841942,0.019235661253333092
frame_0259.png,0.004961621481925249,0.012955632992088795,0.007994011044502258
frame_0260.png,0.004961621481925249,0.017605625092983246,0.012644004076719284
frame_0261.png,0.004961621481925249,0.029925955459475517,0.024964334443211555
frame_0262.png,0.007443027570843697,0.01661282777786255,0.009169800207018852
frame_0263.png,0.00943409651517868,0.017616285011172295,0.008182188495993614
frame_0264.png,0.00943409651517868,0.011706054210662842,0.0022719576954841614
frame_0265.png,0.009689008817076683,0.018965385854244232,0.00927637703716755
frame_0266.png,0.013947549276053905,0.031031176447868347,0.017083626240491867
frame_0267.png,0.013947549276053905,0.025009289383888245,0.01106174010783434
frame_0268.png,0.013947549276053905,0.011916841380298138,0.002030707895755768
frame_0269.png,0.016736898571252823,0.03255768492817879,0.015820786356925964
frame_0270.png,0.018945135176181793,0.03351534903049469,0.014570213854312897
frame_0271.png,0.018945135176181793,0.011634555645287037,0.007310579530894756
frame_0272.png,0.01923886127769947,0.012950007803738117,0.006288853473961353
frame_0273.png,0.0241458211094141,0.0074886116199195385,0.016657209023833275
frame_0274.png,0.0241458211094141,0.029037578031420708,0.004891756922006607
frame_0275.png,0.0241458211094141,0.007934506051242352,0.016211315989494324
frame_0276.png,0.027041297405958176,0.0074544246308505535,0.019586872309446335
frame_0277.png,0.029333550482988358,0.009651302359998226,0.019682247191667557
frame_0278.png,0.029333550482988358,0.005079899914562702,0.02425365149974823
frame_0279.png,0.029659796506166458,0.011849194765090942,0.017810601741075516
frame_0280.png,0.03478909283876419,0.0027880812995135784,0.032001011073589325
frame_0281.png,0.03478909283876419,0.004587455186992884,0.030201638117432594
frame_0282.png,0.03478909283876419,0.0034103908110409975,0.03137870132923126
frame_0283.png,0.037890829145908356,0.009568636305630207,0.028322193771600723
frame_0284.png,0.04033184424042702,0.0038128092419356108,0.03651903569698334
frame_0285.png,0.04033184424042702,0.00836002267897129,0.03197181969881058
frame_0286.png,0.04067690297961235,0.00778222968801856,0.03289467468857765
frame_0287.png,0.04610198363661766,0.0033878411632031202,0.04271414130926132
frame_0288.png,0.04610198363661766,0.009806148707866669,0.03629583492875099
frame_0289.png,0.04610198363661766,0.0024865781888365746,0.04361540451645851
frame_0290.png,0.04941381886601448,0.0014965592417865992,0.047917257994413376
frame_0291.png,0.05200057476758957,0.0008442078833468258,0.05115636810660362
frame_0292.png,0.05200057476758957,0.002070958726108074,0.04992961511015892
frame_0293.png,0.05237618461251259,0.0026475186459720135,0.04972866550087929
frame_0294.png,0.05795101821422577,0.001668261014856398,0.056282758712768555
frame_0295.png,0.05795101821422577,0.0008804338285699487,0.05707058310508728
frame_0296.png,0.05795101821422577,0.0011383210076019168,0.056812696158885956
frame_0297.png,0.06137991324067116,0.0005117503460496664,0.06086816266179085
frame_0298.png,0.0640423446893692,0.0008394139003939927,0.06320293247699738
frame_0299.png,0.0640423446893692,0.0012647882103919983,0.0627775564789772
frame_0300.png,0.06441394239664078,0.0007064934470690787,0.06370744854211807
frame_0301.png,0.06992918252944946,0.003018955234438181,0.06691022962331772
frame_0302.png,0.06992918252944946,0.0010879242327064276,0.06884125620126724
frame_0303.png,0.06992918252944946,0.0007089954451657832,0.06922018527984619
frame_0304.png,0.07321212440729141,0.0004753676475957036,0.07273675501346588
frame_0305.png,0.07574191689491272,0.0010148899164050817,0.07472702860832214
frame_0306.png,0.07574191689491272,0.00492676068097353,0.07081515341997147
frame_0307.png,0.07611268758773804,0.0035071293823421,0.07260555773973465
frame_0308.png,0.0813404843211174,0.0005906974547542632,0.08074978739023209
frame_0309.png,0.0813404843211174,0.00789948832243681,0.07344099879264832
frame_0310.png,0.0813404843211174,0.02104966528713703,0.06029082089662552
frame_0311.png,0.08428654074668884,0.016424518078565598,0.06786201894283295
frame_0312.png,0.08655673265457153,0.025053249672055244,0.06150348484516144
frame_0313.png,0.08655673265457153,0.024897165596485138,0.061659567058086395
frame_0314.png,0.08685832470655441,0.06796474754810333,0.01889357715845108
frame_0315.png,0.09109567850828171,0.040903087705373764,0.050192590802907944
frame_0316.png,0.09109567850828171,0.02508740872144699,0.06600826978683472
frame_0317.png,0.09109567850828171,0.02720029093325138,0.06389538943767548
frame_0318.png,0.09309954941272736,0.05165291577577591,0.04144663363695145
frame_0319.png,0.09462295472621918,0.027463100850582123,0.06715985387563705
frame_0320.png,0.09462295472621918,0.08503361791372299,0.009589336812496185
frame_0321.png,0.09482305496931076,0.046325672417879105,0.048497382551431656
frame_0322.png,0.0976344496011734,0.02898678369820118,0.06864766776561737
frame_0323.png,0.0976344496011734,0.037853650748729706,0.059780798852443695
frame_0324.png,0.0976344496011734,0.14595304429531097,0.04831859469413757
frame_0325.png,0.09922554343938828,0.06686320900917053,0.03236233443021774
frame_0326.png,0.10043514519929886,0.07502742111682892,0.02540772408246994
frame_0327.png,0.10043514519929886,0.0827905535697937,0.017644591629505157
frame_0328.png,0.10064542293548584,0.11979801952838898,0.019152596592903137
frame_0329.png,0.10344907641410828,0.1057874858379364,0.002338409423828125
frame_0330.png,0.10344907641410828,0.15717999637126923,0.05373091995716095
frame_0331.png,0.10344907641410828,0.147349014878273,0.043899938464164734
frame_0332.png,0.10468222945928574,0.18458256125450134,0.0799003317952156
frame_0333.png,0.10561426728963852,0.16507886350154877,0.05946459621191025
frame_0334.png,0.10561426728963852,0.14993230998516083,0.04431804269552231
frame_0335.png,0.10568869858980179,0.19977614283561707,0.09408744424581528
frame_0336.png,0.10668106377124786,0.19768138229846954,0.09100031852722168
frame_0337.png,0.10668106377124786,0.07958901673555374,0.027092047035694122
frame_0338.png,0.10668106377124786,0.19066280126571655,0.08398173749446869
frame_0339.png,0.10726386308670044,0.1075730100274086,0.0003091469407081604
frame_0340.png,0.10770096629858017,0.17113491892814636,0.06343395262956619
frame_0341.png,0.10770096629858017,0.1862255334854126,0.07852456718683243
frame_0342.png,0.10779257863759995,0.1444355696439743,0.03664299100637436
frame_0343.png,0.10895442962646484,0.1540638953447342,0.04510946571826935
frame_0344.png,0.10895442962646484,0.12820947170257568,0.01925504207611084
frame_0345.png,0.10895442962646484,0.16561640799045563,0.056661978363990784
frame_0346.png,0.11004801094532013,0.17225849628448486,0.062210485339164734
frame_0347.png,0.11086345463991165,0.21648924052715302,0.10562578588724136
frame_0348.png,0.11086345463991165,0.11515752226114273,0.004294067621231079
frame_0349.png,0.11107631772756577,0.14933912456035614,0.038262806832790375
frame_0350.png,0.1137758269906044,0.19332414865493774,0.07954832166433334
frame_0351.png,0.1137758269906044,0.18968671560287476,0.07591088861227036
frame_0352.png,0.1137758269906044,0.14910444617271423,0.03532861918210983
frame_0353.png,0.11578100174665451,0.07667860388755798,0.03910239785909653
frame_0354.png,0.11726459115743637,0.18836894631385803,0.07110435515642166
frame_0355.png,0.11726459115743637,0.22662006318569183,0.10935547202825546
frame_0356.png,0.11745467782020569,0.15887825191020966,0.04142357409000397
frame_0357.png,0.11976047605276108,0.2401822805404663,0.12042180448770523
frame_0358.png,0.11976047605276108,0.13836824893951416,0.018607772886753082
frame_0359.png,0.11976047605276108,0.21092748641967773,0.09116701036691666
frame_0360.png,0.12046296894550323,0.24328209459781647,0.12281912565231323
frame_0361.png,0.12098273634910583,0.15190094709396362,0.030918210744857788
frame_0362.png,0.12098273634910583,0.21239317953586578,0.09141044318675995
frame_0363.png,0.12112265825271606,0.17920109629631042,0.05807843804359436
frame_0364.png,0.1228138878941536,0.16205358505249023,0.03923969715833664
frame_0365.png,0.1228138878941536,0.21100518107414246,0.08819129317998886
frame_0366.png,0.1228138878941536,0.17557410895824432,0.05276022106409073
frame_0367.png,0.1238299161195755,0.20957793295383453,0.08574801683425903
frame_0368.png,0.12457150220870972,0.2427552044391632,0.11818370223045349
frame_0369.png,0.12457150220870972,0.2018638253211975,0.07729232311248779
frame_0370.png,0.12472449988126755,0.1814243197441101,0.05669981986284256
frame_0371.png,0.12657372653484344,0.2185811549425125,0.09200742840766907
frame_0372.png,0.12657372653484344,0.21280857920646667,0.08623485267162323
frame_0373.png,0.12657372653484344,0.22382000088691711,0.09724627435207367
frame_0374.png,0.12754656374454498,0.24245034158229828,0.1149037778377533
frame_0375.png,0.1282566338777542,0.11714877933263779,0.011107854545116425
frame_0376.png,0.1282566338777542,0.22157317399978638,0.09331654012203217
frame_0377.png,0.1284046322107315,0.22362837195396423,0.09522373974323273
frame_0378.png,0.1301129162311554,0.2645314335823059,0.1344185173511505
frame_0379.png,0.1301129162311554,0.20424121618270874,0.07412829995155334
frame_0380.png,0.1301129162311554,0.20821626484394073,0.07810334861278534
frame_0381.png,0.13152147829532623,0.24637874960899353,0.1148572713136673
frame_0382.png,0.1325356364250183,0.20926688611507416,0.07673124969005585
frame_0383.png,0.1325356364250183,0.1788550168275833,0.046319380402565
frame_0384.png,0.1327352523803711,0.18204110860824585,0.049305856227874756
frame_0385.png,0.13503922522068024,0.21711702644824982,0.08207780122756958
frame_0386.png,0.13503922522068024,0.3003173768520355,0.16527815163135529
frame_0387.png,0.13503922522068024,0.250700980424881,0.11566175520420074
frame_0388.png,0.13625752925872803,0.26077112555503845,0.12451359629631042
frame_0389.png,0.13713470101356506,0.2148197442293167,0.07768504321575165
frame_0390.png,0.13713470101356506,0.19251473248004913,0.05538003146648407
frame_0391.png,0.13731637597084045,0.2646057903766632,0.12728941440582275
frame_0392.png,0.13932210206985474,0.17066800594329834,0.031345903873443604
frame_0393.png,0.13932210206985474,0.22213418781757355,0.08281208574771881
frame_0394.png,0.13932210206985474,0.21803343296051025,0.07871133089065552
frame_0395.png,0.14062099158763885,0.17190872132778168,0.03128772974014282
frame_0396.png,0.14155086874961853,0.24112941324710846,0.09957854449748993
frame_0397.png,0.14155086874961853,0.20260904729366302,0.061058178544044495
frame_0398.png,0.14171592891216278,0.2480543851852417,0.10633845627307892
frame_0399.png,0.14353817701339722,0.19440731406211853,0.050869137048721313
frame_0400.png,0.14353817701339722,0.2666737139225006,0.1231355369091034
frame_0401.png,0.14353817701339722,0.22091662883758545,0.07737845182418823
frame_0402.png,0.14509059488773346,0.2192845642566681,0.07419396936893463
frame_0403.png,0.14619314670562744,0.24793590605258942,0.10174275934696198
frame_0404.png,0.14619314670562744,0.2291666865348816,0.08297353982925415
frame_0405.png,0.1463605761528015,0.25289762020111084,0.10653704404830933
frame_0406.png,0.1481378674507141,0.23477840423583984,0.08664053678512573
frame_0407.png,0.1481378674507141,0.2801743745803833,0.1320365071296692
frame_0408.png,0.1481378674507141,0.21670636534690857,0.06856849789619446
frame_0409.png,0.14916308224201202,0.3266996145248413,0.17753653228282928
frame_0410.png,0.1498912274837494,0.26228398084640503,0.11239275336265564
frame_0411.png,0.1498912274837494,0.24528494477272034,0.09539371728897095
frame_0412.png,0.15003995597362518,0.1754973977804184,0.025457441806793213
frame_0413.png,0.1516129970550537,0.287176251411438,0.13556325435638428
frame_0414.png,0.1516129970550537,0.212635338306427,0.06102234125137329
frame_0415.png,0.1516129970550537,0.2521069645881653,0.10049396753311157
frame_0416.png,0.15276730060577393,0.21941246092319489,0.06664516031742096
frame_0417.png,0.15357595682144165,0.27246376872062683,0.11888781189918518
frame_0418.png,0.15357595682144165,0.23196269571781158,0.07838673889636993
frame_0419.png,0.15375439822673798,0.2395409196615219,0.08578652143478394
frame_0420.png,0.15557178854942322,0.2150895595550537,0.05951777100563049
frame_0421.png,0.15557178854942322,0.27223604917526245,0.11666426062583923
frame_0422.png,0.15557178854942322,0.20986096560955048,0.05428917706012726
frame_0423.png,0.1566706895828247,0.2664371430873871,0.10976645350456238
frame_0424.png,0.15744054317474365,0.27441102266311646,0.1169704794883728
frame_0425.png,0.15744054317474365,0.237604558467865,0.08016401529312134
frame_0426.png,0.15762819349765778,0.25360608100891113,0.09597788751125336
frame_0427.png,0.15953253209590912,0.24857783317565918,0.08904530107975006
frame_0428.png,0.15953253209590912,0.21839120984077454,0.05885867774486542
frame_0429.png,0.15953253209590912,0.2576146721839905,0.09808214008808136
frame_0430.png,0.16075406968593597,0.22149133682250977,0.06073726713657379
frame_0431.png,0.16159817576408386,0.25260457396507263,0.09100639820098877
frame_0432.png,0.16159817576408386,0.26920759677886963,0.10760942101478577
frame_0433.png,0.16174720227718353,0.2304178774356842,0.06867067515850067
frame_0434.png,0.1632595807313919,0.28076258301734924,0.11750300228595734
frame_0435.png,0.1632595807313919,0.2457176297903061,0.08245804905891418
frame_0436.png,0.1632595807313919,0.22280611097812653,0.05954653024673462
frame_0437.png,0.16453349590301514,0.2563250660896301,0.09179157018661499
frame_0438.png,0.1654137820005417,0.2726220190525055,0.1072082370519638
frame_0439.png,0.1654137820005417,0.22104835510253906,0.055634573101997375
frame_0440.png,0.1655736267566681,0.2957878112792969,0.13021418452262878
frame_0441.png,0.1671321988105774,0.2815520465373993,0.1144198477268219
frame_0442.png,0.1671321988105774,0.23237687349319458,0.06524467468261719
frame_0443.png,0.1671321988105774,0.25906556844711304,0.09193336963653564
frame_0444.png,0.1681784689426422,0.2503435015678406,0.08216503262519836
frame_0445.png,0.16889743506908417,0.26001259684562683,0.09111516177654266
frame_0446.png,0.16889743506908417,0.2599933445453644,0.09109590947628021
frame_0447.png,0.1690436750650406,0.26401010155677795,0.09496642649173737
frame_0448.png,0.17046953737735748,0.2769092917442322,0.1064397543668747
frame_0449.png,0.17046953737735748,0.2609339952468872,0.09046445786952972
frame_0450.png,0.17046953737735748,0.2997579872608185,0.129288449883461
frame_0451.png,0.17152228951454163,0.2491130828857422,0.07759079337120056
frame_0452.png,0.17223979532718658,0.31064656376838684,0.13840676844120026
frame_0453.png,0.17223979532718658,0.27623599767684937,0.10399620234966278
frame_0454.png,0.17243510484695435,0.2726852297782898,0.10025012493133545
frame_0455.png,0.17427371442317963,0.2595885694026947,0.08531485497951508
frame_0456.png,0.17427371442317963,0.2853136658668518,0.11103995144367218
frame_0457.png,0.17427371442317963,0.26841750741004944,0.09414379298686981
frame_0458.png,0.175303116440773,0.30210575461387634,0.12680263817310333
frame_0459.png,0.17600081861019135,0.2628532946109772,0.08685247600078583
frame_0460.png,0.17600081861019135,0.20476771891117096,0.028766900300979614
frame_0461.png,0.17620638012886047,0.23561494052410126,0.059408560395240784
frame_0462.png,0.17813435196876526,0.2645037770271301,0.08636942505836487
frame_0463.png,0.17813435196876526,0.23876744508743286,0.0606330931186676
frame_0464.png,0.17813435196876526,0.26727747917175293,0.08914312720298767
frame_0465.png,0.17934803664684296,0.27564167976379395,0.09629364311695099
frame_0466.png,0.1801639050245285,0.2542712390422821,0.0741073340177536
frame_0467.png,0.1801639050245285,0.2805071175098419,0.10034321248531342
frame_0468.png,0.18034802377223969,0.2624765634536743,0.08212853968143463
frame_0469.png,0.1820172667503357,0.27701982855796814,0.09500256180763245
frame_0470.png,0.1820172667503357,0.27260348200798035,0.09058621525764465
frame_0471.png,0.1820172667503357,0.2570854723453522,0.07506820559501648
frame_0472.png,0.183028444647789,0.25409823656082153,0.07106979191303253
frame_0473.png,0.18370819091796875,0.233674556016922,0.04996636509895325
frame_0474.png,0.18370819091796875,0.2540919780731201,0.07038378715515137
frame_0475.png,0.18386395275592804,0.2615249752998352,0.07766102254390717
frame_0476.png,0.18527106940746307,0.26917898654937744,0.08390791714191437
frame_0477.png,0.18527106940746307,0.25207895040512085,0.06680788099765778
frame_0478.png,0.18527106940746307,0.27004414796829224,0.08477307856082916
frame_0479.png,0.1861642450094223,0.28689447045326233,0.10073022544384003
frame_0480.png,0.1867564171552658,0.2751544415950775,0.0883980244398117
frame_0481.png,0.1867564171552658,0.2926522195339203,0.10589580237865448
frame_0482.png,0.18697765469551086,0.20849677920341492,0.021519124507904053
frame_0483.png,0.1889762133359909,0.29310739040374756,0.10413117706775665
frame_0484.png,0.1889762133359909,0.28941991925239563,0.10044370591640472
frame_0485.png,0.1889762133359909,0.20196698606014252,0.012990772724151611
frame_0486.png,0.19004306197166443,0.269277960062027,0.07923489809036255
frame_0487.png,0.1907503604888916,0.2612552046775818,0.07050484418869019
frame_0488.png,0.1907503604888916,0.23263919353485107,0.04188883304595947
frame_0489.png,0.1909302920103073,0.25805139541625977,0.06712110340595245
frame_0490.png,0.1924973875284195,0.23030921816825867,0.03781183063983917
frame_0491.png,0.1924973875284195,0.29679301381111145,0.10429562628269196
frame_0492.png,0.1924973875284195,0.2796403765678406,0.08714298903942108
frame_0493.png,0.19345304369926453,0.2983517348766327,0.10489869117736816
frame_0494.png,0.19408316910266876,0.23425808548927307,0.04017491638660431
frame_0495.png,0.19408316910266876,0.27215367555618286,0.0780705064535141
frame_0496.png,0.1942848116159439,0.2813269793987274,0.08704216778278351
frame_0497.png,0.19604116678237915,0.28707295656204224,0.09103178977966309
frame_0498.png,0.19604116678237915,0.3160768449306488,0.12003567814826965
frame_0499.png,0.19604116678237915,0.27446261048316956,0.0784214437007904
frame_0500.png,0.1968584954738617,0.2776137590408325,0.08075526356697083
frame_0501.png,0.19739291071891785,0.28507164120674133,0.08767873048782349
frame_0502.png,0.19739291071891785,0.2911863327026367,0.09379342198371887
frame_0503.png,0.19756504893302917,0.28920847177505493,0.09164342284202576
frame_0504.png,0.19901210069656372,0.2982078790664673,0.09919577836990356
frame_0505.png,0.19901210069656372,0.25366899371147156,0.05465689301490784
frame_0506.png,0.19901210069656372,0.2823982834815979,0.08338618278503418
frame_0507.png,0.20010584592819214,0.26358452439308167,0.06347867846488953
frame_0508.png,0.2008170783519745,0.27547940611839294,0.07466232776641846
frame_0509.png,0.2008170783519745,0.28218960762023926,0.08137252926826477
frame_0510.png,0.20096881687641144,0.2704713046550751,0.06950248777866364
frame_0511.png,0.2022443264722824,0.24910680949687958,0.04686248302459717
frame_0512.png,0.2022443264722824,0.2859676778316498,0.08372335135936737
frame_0513.png,0.2022443264722824,0.2576274871826172,0.05538316071033478
frame_0514.png,0.2031008005142212,0.25704967975616455,0.05394887924194336
frame_0515.png,0.20365308225154877,0.3262269198894501,0.1225738376379013
frame_0516.png,0.20365308225154877,0.24042196571826935,0.03676888346672058
frame_0517.png,0.20385026931762695,0.26855605840682983,0.06470578908920288
frame_0518.png,0.20545771718025208,0.30032649636268616,0.09486877918243408
frame_0519.png,0.20545771718025208,0.2635384202003479,0.058080703020095825
frame_0520.png,0.20545771718025208,0.2233533263206482,0.017895609140396118
frame_0521.png,0.20639824867248535,0.2950853109359741,0.08868706226348877
frame_0522.png,0.20700471103191376,0.2594396770000458,0.05243496596813202
frame_0523.png,0.20700471103191376,0.2695773243904114,0.06257261335849762
frame_0524.png,0.20719300210475922,0.31211093068122864,0.10491792857646942
frame_0525.png,0.20872215926647186,0.25944632291793823,0.05072416365146637
frame_0526.png,0.20872215926647186,0.2944715619087219,0.08574940264225006
frame_0527.png,0.20872215926647186,0.27115103602409363,0.062428876757621765
frame_0528.png,0.2097512185573578,0.2735246419906616,0.06377342343330383
frame_0529.png,0.21040558815002441,0.2416667938232422,0.03126120567321777
frame_0530.png,0.21040558815002441,0.29610779881477356,0.08570221066474915
frame_0531.png,0.21056273579597473,0.27034157514572144,0.059778839349746704
frame_0532.png,0.2118389755487442,0.25583064556121826,0.04399167001247406
frame_0533.png,0.2118389755487442,0.2821696400642395,0.0703306645154953
frame_0534.png,0.2118389755487442,0.2683604955673218,0.056521520018577576
frame_0535.png,0.21256758272647858,0.2825462222099304,0.06997863948345184
frame_0536.png,0.2130308747291565,0.26378631591796875,0.050755441188812256
frame_0537.png,0.2130308747291565,0.28367796540260315,0.07064709067344666
frame_0538.png,0.21317921578884125,0.23394665122032166,0.020767435431480408
frame_0539.png,0.2143440842628479,0.33079278469085693,0.11644870042800903
frame_0540.png,0.2143440842628479,0.28960734605789185,0.07526326179504395
frame_0541.png,0.2143440842628479,0.288332462310791,0.07398837804794312
frame_0542.png,0.21529336273670197,0.29520660638809204,0.07991324365139008
frame_0543.png,0.2158885896205902,0.2725386619567871,0.0566500723361969
frame_0544.png,0.2158885896205902,0.27641385793685913,0.06052526831626892
frame_0545.png,0.21603362262248993,0.30636927485466003,0.0903356522321701
frame_0546.png,0.2171725332736969,0.2886212170124054,0.0714486837387085
frame_0547.png,0.2171725332736969,0.2847960293292999,0.06762349605560303
frame_0548.png,0.2171725332736969,0.4055890142917633,0.1884164810180664
frame_0549.png,0.21826638281345367,0.273210734128952,0.05494435131549835
frame_0550.png,0.2189522534608841,0.27955424785614014,0.06060199439525604
frame_0551.png,0.2189522534608841,0.25319206714630127,0.034239813685417175
frame_0552.png,0.2190999835729599,0.26594382524490356,0.046843841671943665
frame_0553.png,0.22022275626659393,0.27435338497161865,0.05413062870502472
frame_0554.png,0.22022275626659393,0.2471228837966919,0.02690012753009796
frame_0555.png,0.22022275626659393,0.30091384053230286,0.08069108426570892
frame_0556.png,0.22114169597625732,0.2773269712924957,0.0561852753162384
frame_0557.png,0.2217147797346115,0.31805893778800964,0.09634415805339813
frame_0558.png,0.2217147797346115,0.31020984053611755,0.08849506080150604
frame_0559.png,0.22187530994415283,0.27020153403282166,0.04832622408866882
frame_0560.png,0.2230953425168991,0.2863505482673645,0.0632552057504654
frame_0561.png,0.2230953425168991,0.2697306275367737,0.04663528501987457
frame_0562.png,0.2230953425168991,0.28458598256111145,0.06149064004421234
frame_0563.png,0.22425177693367004,0.2758519947528839,0.05160021781921387
frame_0564.png,0.22496676445007324,0.23286640644073486,0.007899641990661621
frame_0565.png,0.22496676445007324,0.25029459595680237,0.025327831506729126
frame_0566.png,0.22517280280590057,0.25025591254234314,0.025083109736442566
frame_0567.png,0.22669512033462524,0.29366645216941833,0.06697133183479309
frame_0568.png,0.22669512033462524,0.30149054527282715,0.0747954249382019
frame_0569.png,0.22669512033462524,0.27699682116508484,0.050301700830459595
frame_0570.png,0.22735777497291565,0.2897469699382782,0.06238919496536255
frame_0571.png,0.2277674823999405,0.2871522307395935,0.059384748339653015
frame_0572.png,0.2277674823999405,0.2797831594944,0.052015677094459534
frame_0573.png,0.22790378332138062,0.27415719628334045,0.04625341296195984
frame_0574.png,0.2289070188999176,0.29962271451950073,0.07071569561958313
frame_0575.png,0.2289070188999176,0.2565145194530487,0.027607500553131104
frame_0576.png,0.2289070188999176,0.25641965866088867,0.02751263976097107
frame_0577.png,0.229594886302948,0.24789859354496002,0.018303707242012024
frame_0578.png,0.23001423478126526,0.2943839728832245,0.06436973810195923
frame_0579.png,0.23001423478126526,0.29672232270240784,0.06670808792114258
frame_0580.png,0.23011669516563416,0.243173748254776,0.013057053089141846
frame_0581.png,0.23087091743946075,0.2512587010860443,0.020387783646583557
frame_0582.png,0.23087091743946075,0.3059360384941101,0.07506512105464935
frame_0583.png,0.23087091743946075,0.3044350743293762,0.07356415688991547
frame_0584.png,0.23178422451019287,0.26637911796569824,0.03459489345550537
frame_0585.png,0.232341006398201,0.28429195284843445,0.05195094645023346
frame_0586.png,0.232341006398201,0.2674718499183655,0.03513084352016449
frame_0587.png,0.23252366483211517,0.27507007122039795,0.042546406388282776
frame_0588.png,0.23382703959941864,0.2480655014514923,0.01423846185207367
frame_0589.png,0.23382703959941864,0.30928367376327515,0.0754566341638565
frame_0590.png,0.23382703959941864,0.29320672154426575,0.05937968194484711
frame_0591.png,0.2345808893442154,0.2995862662792206,0.06500537693500519
frame_0592.png,0.23503398895263672,0.2660297453403473,0.03099575638771057
frame_0593.png,0.23503398895263672,0.30418094992637634,0.06914696097373962
frame_0594.png,0.23522460460662842,0.2962397038936615,0.06101509928703308
frame_0595.png,0.2365846484899521,0.31776338815689087,0.08117873966693878
frame_0596.png,0.2365846484899521,0.3055964410305023,0.06901179254055023
frame_0597.png,0.2365846484899521,0.2829941213130951,0.046409472823143005
frame_0598.png,0.23753337562084198,0.25200995802879333,0.014476582407951355
frame_0599.png,0.23810361325740814,0.29615288972854614,0.058049276471138
frame_0600.png,0.23810361325740814,0.2862946689128876,0.04819105565547943
frame_0601.png,0.23826821148395538,0.28395020961761475,0.04568199813365936
frame_0602.png,0.23940737545490265,0.3146050274372101,0.07519765198230743
frame_0603.png,0.23940737545490265,0.2746522128582001,0.035244837403297424
frame_0604.png,0.23940737545490265,0.2863612473011017,0.046953871846199036
frame_0605.png,0.24022090435028076,0.33634471893310547,0.09612381458282471
frame_0606.png,0.24070729315280914,0.2583391070365906,0.017631813883781433
frame_0607.png,0.24070729315280914,0.3027088940143585,0.06200160086154938
frame_0608.png,0.24089349806308746,0.27678945660591125,0.03589595854282379
frame_0609.png,0.2421821802854538,0.27554383873939514,0.033361658453941345
frame_0610.png,0.2421821802854538,0.2968223989009857,0.05464021861553192
frame_0611.png,0.2421821802854538,0.2669438421726227,0.024761661887168884
frame_0612.png,0.24279169738292694,0.2764313220977783,0.03363962471485138
frame_0613.png,0.24315288662910461,0.24452385306358337,0.0013709664344787598
frame_0614.png,0.24315288662910461,0.2932242155075073,0.05007132887840271
frame_0615.png,0.24330253899097443,0.3003923296928406,0.05708979070186615
frame_0616.png,0.24431172013282776,0.2987452447414398,0.05443352460861206
frame_0617.png,0.24431172013282776,0.2761686146259308,0.03185689449310303
frame_0618.png,0.24431172013282776,0.30782464146614075,0.06351292133331299
frame_0619.png,0.24530580639839172,0.31427574157714844,0.06896993517875671
frame_0620.png,0.2458948791027069,0.2942756414413452,0.048380762338638306
frame_0621.png,0.2458948791027069,0.2562139928340912,0.010319113731384277
frame_0622.png,0.2461020052433014,0.3281543254852295,0.0820523202419281
frame_0623.png,0.2474934607744217,0.2995966076850891,0.05210314691066742
frame_0624.png,0.2474934607744217,0.26848307251930237,0.020989611744880676
frame_0625.png,0.2474934607744217,0.27116820216178894,0.02367474138736725
frame_0626.png,0.24799048900604248,0.2792707681655884,0.0312802791595459
frame_0627.png,0.248280867934227,0.2921614944934845,0.04388062655925751
frame_0628.png,0.248280867934227,0.2774413824081421,0.0291605144739151
frame_0629.png,0.24843506515026093,0.30535420775413513,0.05691914260387421
frame_0630.png,0.2494450956583023,0.2908312678337097,0.04138617217540741
frame_0631.png,0.2494450956583023,0.2834815979003906,0.03403650224208832
frame_0632.png,0.2494450956583023,0.2973679304122925,0.04792283475399017
frame_0633.png,0.2502242922782898,0.29900479316711426,0.04878050088882446
frame_0634.png,0.25067952275276184,0.30962011218070984,0.058940589427948
frame_0635.png,0.25067952275276184,0.29111912846565247,0.040439605712890625
frame_0636.png,0.2507765591144562,0.2858186364173889,0.03504207730293274
frame_0637.png,0.25140973925590515,0.29552358388900757,0.04411384463310242
frame_0638.png,0.25140973925590515,0.2733135521411896,0.021903812885284424
frame_0639.png,0.25140973925590515,0.2835052013397217,0.03209546208381653
frame_0640.png,0.25213298201560974,0.33300915360450745,0.0808761715888977
frame_0641.png,0.2525494694709778,0.2943246066570282,0.041775137186050415
frame_0642.png,0.2525494694709778,0.3022281527519226,0.049678683280944824
frame_0643.png,0.25269994139671326,0.34300610423088074,0.09030616283416748
frame_0644.png,0.2536817491054535,0.29869648814201355,0.04501473903656006
frame_0645.png,0.2536817491054535,0.31754156947135925,0.06385982036590576
frame_0646.png,0.2536817491054535,0.29005876183509827,0.036377012729644775
frame_0647.png,0.2545228898525238,0.2989150285720825,0.044392138719558716
frame_0648.png,0.2550072968006134,0.27353113889694214,0.018523842096328735
frame_0649.png,0.2550072968006134,0.28662529587745667,0.03161799907684326
frame_0650.png,0.2552224397659302,0.3023737668991089,0.04715132713317871
frame_0651.png,0.25658664107322693,0.295472115278244,0.03888547420501709
frame_0652.png,0.25658664107322693,0.28953787684440613,0.0329512357711792
frame_0653.png,0.25658664107322693,0.28785571455955505,0.031269073486328125
frame_0654.png,0.25724294781684875,0.2827759087085724,0.025532960891723633
frame_0655.png,0.2576189339160919,0.2970302700996399,0.039411336183547974
frame_0656.png,0.2576189339160919,0.2844678461551666,0.026848912239074707
frame_0657.png,0.25777310132980347,0.3295488655567169,0.07177576422691345
frame_0658.png,0.25875064730644226,0.3036282956600189,0.04487764835357666
frame_0659.png,0.25875064730644226,0.22199049592018127,0.036760151386260986
frame_0660.png,0.25875064730644226,0.30563855171203613,0.04688790440559387
frame_0661.png,0.2595253586769104,0.27733948826789856,0.01781412959098816
frame_0662.png,0.2599652111530304,0.30072134733200073,0.04075613617897034
frame_0663.png,0.2599652111530304,0.27359539270401,0.013630181550979614
frame_0664.png,0.26011067628860474,0.28182464838027954,0.021713972091674805
frame_0665.png,0.2610112428665161,0.3028505742549896,0.04183933138847351
frame_0666.png,0.2610112428665161,0.3108362555503845,0.04982501268386841
frame_0667.png,0.2610112428665161,0.30091536045074463,0.039904117584228516
frame_0668.png,0.26172733306884766,0.26020389795303345,0.001523435115814209
frame_0669.png,0.26213178038597107,0.29263389110565186,0.030502110719680786
frame_0670.png,0.26213178038597107,0.3138118088245392,0.051680028438568115
frame_0671.png,0.2623094916343689,0.3013136386871338,0.03900414705276489
frame_0672.png,0.26340529322624207,0.2902581989765167,0.026852905750274658
frame_0673.png,0.26340529322624207,0.29477524757385254,0.031369954347610474
frame_0674.png,0.26340529322624207,0.3387216329574585,0.07531633973121643
frame_0675.png,0.2639225423336029,0.29763078689575195,0.03370824456214905
frame_0676.png,0.2642119824886322,0.29712754487991333,0.03291556239128113
frame_0677.png,0.2642119824886322,0.29654955863952637,0.032337576150894165
frame_0678.png,0.2643575668334961,0.28353846073150635,0.019180893898010254
frame_0679.png,0.2652343809604645,0.2940030097961426,0.0287686288356781
frame_0680.png,0.2652343809604645,0.3121318519115448,0.04689747095108032
frame_0681.png,0.2652343809604645,0.2760542631149292,0.010819882154464722
frame_0682.png,0.2659296989440918,0.24940842390060425,0.01652127504348755
frame_0683.png,0.26631879806518555,0.25402456521987915,0.012294232845306396
frame_0684.png,0.26631879806518555,0.30301013588905334,0.0366913378238678
frame_0685.png,0.2664346992969513,0.28974807262420654,0.02331337332725525
frame_0686.png,0.2671301066875458,0.28022894263267517,0.013098835945129395
frame_0687.png,0.2671301066875458,0.32641756534576416,0.059287458658218384
frame_0688.png,0.2671301066875458,0.3049495220184326,0.03781941533088684
frame_0689.png,0.2673839032649994,0.29892802238464355,0.031544119119644165
frame_0690.png,0.267523854970932,0.2850107252597809,0.017486870288848877
frame_0691.png,0.267523854970932,0.3210308849811554,0.05350703001022339
frame_0692.png,0.2676820755004883,0.31437671184539795,0.04669463634490967
frame_0693.png,0.2686312794685364,0.31102830171585083,0.04239702224731445
frame_0694.png,0.2686312794685364,0.38538992404937744,0.11675864458084106
frame_0695.png,0.2686312794685364,0.31813108921051025,0.04949980974197388
frame_0696.png,0.2694265842437744,0.31767645478248596,0.04824987053871155
frame_0697.png,0.2698652148246765,0.28785020112991333,0.017984986305236816
frame_0698.png,0.2698652148246765,0.3151211440563202,0.04525592923164368
frame_0699.png,0.2700375020503998,0.28093621134757996,0.010898709297180176
frame_0700.png,0.2710437476634979,0.29916003346443176,0.028116285800933838
frame_0701.png,0.2710437476634979,0.30685746669769287,0.035813719034194946
frame_0702.png,0.2710437476634979,0.29635339975357056,0.025309652090072632
frame_0703.png,0.27168938517570496,0.3013307750225067,0.029641389846801758
frame_0704.png,0.2720436453819275,0.32074299454689026,0.04869934916496277
frame_0705.png,0.2720436453819275,0.31874892115592957,0.046705275774002075
frame_0706.png,0.27219158411026,0.32025793194770813,0.04806634783744812
frame_0707.png,0.27305570244789124,0.31241652369499207,0.03936082124710083
frame_0708.png,0.27305570244789124,0.29097872972488403,0.017923027276992798
frame_0709.png,0.27305570244789124,0.3027890622615814,0.029733359813690186
frame_0710.png,0.2738323509693146,0.3661825358867645,0.09235018491744995
frame_0711.png,0.27425453066825867,0.31379956007003784,0.039545029401779175
frame_0712.png,0.27425453066825867,0.31370261311531067,0.039448082447052
frame_0713.png,0.27439573407173157,0.2978106439113617,0.023414909839630127
frame_0714.png,0.2751989960670471,0.2935711741447449,0.018372178077697754
frame_0715.png,0.2751989960670471,0.305282324552536,0.03008332848548889
frame_0716.png,0.2751989960670471,0.28931260108947754,0.01411360502243042
frame_0717.png,0.2758532762527466,0.28679344058036804,0.01094016432762146
frame_0718.png,0.2762071192264557,0.31135815382003784,0.03515103459358215
frame_0719.png,0.2762071192264557,0.3076420724391937,0.03143495321273804
frame_0720.png,0.27635595202445984,0.2734495997428894,0.0029063522815704346
frame_0721.png,0.27720269560813904,0.4593747854232788,0.18217208981513977
frame_0722.png,0.27720269560813904,0.32136139273643494,0.0441586971282959
frame_0723.png,0.27720269560813904,0.33970052003860474,0.0624978244304657
frame_0724.png,0.27778512239456177,0.2823958694934845,0.0046107470989227295
frame_0725.png,0.27809712290763855,0.33030965924263,0.052212536334991455
frame_0726.png,0.27809712290763855,0.2845804691314697,0.006483346223831177
frame_0727.png,0.27824315428733826,0.3094364106655121,0.031193256378173828
frame_0728.png,0.2790558934211731,0.3056950569152832,0.026639163494110107
frame_0729.png,0.2790558934211731,0.3150268495082855,0.03597095608711243
frame_0730.png,0.2790558934211731,0.2832883298397064,0.004232436418533325
frame_0731.png,0.27955520153045654,0.3305673897266388,0.05101218819618225
frame_0732.png,0.2798226773738861,0.3165227472782135,0.03670006990432739
frame_0733.png,0.2798226773738861,0.30993834137916565,0.03011566400527954
frame_0734.png,0.2800450623035431,0.29508382081985474,0.015038758516311646
frame_0735.png,0.28127777576446533,0.2953703701496124,0.014092594385147095
frame_0736.png,0.28127777576446533,0.27847662568092346,0.00280115008354187
frame_0737.png,0.28127777576446533,0.31582531332969666,0.03454753756523132
frame_0738.png,0.28203141689300537,0.34873533248901367,0.0667039155960083
frame_0739.png,0.2824292778968811,0.25486719608306885,0.027562081813812256
frame_0740.png,0.2824292778968811,0.29441121220588684,0.011981934309005737
frame_0741.png,0.28259792923927307,0.314005970954895,0.03140804171562195
frame_0742.png,0.2835327386856079,0.2965877652168274,0.013055026531219482
frame_0743.png,0.2835327386856079,0.29926586151123047,0.01573312282562256
frame_0744.png,0.2835327386856079,0.3164938986301422,0.0329611599445343
frame_0745.png,0.2842489182949066,0.30698466300964355,0.02273574471473694
frame_0746.png,0.2846270203590393,0.26231127977371216,0.02231574058532715
frame_0747.png,0.2846270203590393,0.27495503425598145,0.009671986103057861
frame_0748.png,0.2847384214401245,0.31400027871131897,0.029261857271194458
frame_0749.png,0.28534039855003357,0.30019721388816833,0.014856815338134766
frame_0750.png,0.28534039855003357,0.3361595869064331,0.050819188356399536
frame_0751.png,0.28534039855003357,0.30907028913497925,0.02372989058494568
frame_0752.png,0.2855689823627472,0.27518486976623535,0.01038411259651184
frame_0753.png,0.2856878936290741,0.31337276101112366,0.02768486738204956
frame_0754.png,0.2856878936290741,0.30612102150917053,0.020433127880096436
frame_0755.png,0.28578346967697144,0.31692972779273987,0.031146258115768433
frame_0756.png,0.28629985451698303,0.2739676833152771,0.012332171201705933
frame_0757.png,0.28629985451698303,0.2862502336502075,4.9620866775512695e-05
frame_0758.png,0.28629985451698303,0.3054172992706299,0.01911744475364685
frame_0759.png,0.28694045543670654,0.3120628297328949,0.025122374296188354
frame_0760.png,0.28727370500564575,0.3025583326816559,0.015284627676010132
frame_0761.png,0.28727370500564575,0.31793084740638733,0.030657142400741577
frame_0762.png,0.2874293923377991,0.311293363571167,0.02386397123336792
frame_0763.png,0.2882499098777771,0.32071012258529663,0.03246021270751953
frame_0764.png,0.2882499098777771,0.3181137442588806,0.029863834381103516
frame_0765.png,0.2882499098777771,0.31471434235572815,0.02646443247795105
frame_0766.png,0.2890201807022095,0.2772601246833801,0.011760056018829346
frame_0767.png,0.28941887617111206,0.30565276741981506,0.016233891248703003
frame_0768.png,0.28941887617111206,0.3339204788208008,0.04450160264968872
frame_0769.png,0.2895969748497009,0.32800057530403137,0.038403600454330444
frame_0770.png,0.29053568840026855,0.3029095232486725,0.01237383484840393
frame_0771.png,0.29053568840026855,0.30421125888824463,0.013675570487976074
frame_0772.png,0.29053568840026855,0.31630939245224,0.025773704051971436
frame_0773.png,0.29110053181648254,0.32482486963272095,0.0337243378162384
frame_0774.png,0.291390061378479,0.29801473021507263,0.006624668836593628
frame_0775.png,0.291390061378479,0.311030775308609,0.019640713930130005
frame_0776.png,0.2914830446243286,0.30276092886924744,0.011277884244918823
frame_0777.png,0.291963130235672,0.3433740735054016,0.051410943269729614
frame_0778.png,0.291963130235672,0.29899269342422485,0.0070295631885528564
frame_0779.png,0.291963130235672,0.32994985580444336,0.03798672556877136
frame_0780.png,0.2924385964870453,0.2675158381462097,0.02492275834083557
frame_0781.png,0.2926822900772095,0.27748817205429077,0.015194118022918701
frame_0782.png,0.2926822900772095,0.3612635135650635,0.068581223487854
frame_0783.png,0.2928043007850647,0.3340182900428772,0.0412139892578125
frame_0784.png,0.29343181848526,0.2883952558040619,0.00503656268119812
frame_0785.png,0.29343181848526,0.3163350522518158,0.022903233766555786
frame_0786.png,0.29343181848526,0.3143540024757385,0.020922183990478516
frame_0787.png,0.2940899431705475,0.30462294816970825,0.010533004999160767
frame_0788.png,0.2944222688674927,0.32839035987854004,0.03396809101104736
frame_0789.png,0.2944222688674927,0.3213735520839691,0.02695128321647644
frame_0790.png,0.29465359449386597,0.30559423565864563,0.010940641164779663
frame_0791.png,0.29581937193870544,0.3081314265727997,0.012312054634094238
frame_0792.png,0.29581937193870544,0.31311091780662537,0.017291545867919922
frame_0793.png,0.29581937193870544,0.30187439918518066,0.00605502724647522
frame_0794.png,0.29661741852760315,0.30215558409690857,0.00553816556930542
frame_0795.png,0.29702043533325195,0.3121081590652466,0.015087723731994629
frame_0796.png,0.29702043533325195,0.2855187654495239,0.011501669883728027
frame_0797.png,0.2971775531768799,0.26891449093818665,0.028263062238693237
frame_0798.png,0.29796621203422546,0.3232133090496063,0.02524709701538086
frame_0799.png,0.29796621203422546,0.3155895173549652,0.017623305320739746
frame_0800.png,0.29796621203422546,0.30753567814826965,0.00956946611404419
frame_0801.png,0.29849037528038025,0.3042644262313843,0.005774050951004028
frame_0802.png,0.29875117540359497,0.2822134792804718,0.01653769612312317
frame_0803.png,0.29875117540359497,0.2735946476459503,0.025156527757644653
frame_0804.png,0.2989296615123749,0.30107685923576355,0.002147197723388672
frame_0805.png,0.2998257577419281,0.31400859355926514,0.014182835817337036
frame_0806.png,0.2998257577419281,0.3048911392688751,0.0050653815269470215
frame_0807.png,0.2998257577419281,0.25181329250335693,0.04801246523857117
frame_0808.png,0.3006580173969269,0.3321024477481842,0.031444430351257324
frame_0809.png,0.3010720908641815,0.33076658844947815,0.02969449758529663
frame_0810.png,0.3010720908641815,0.31273049116134644,0.011658400297164917
frame_0811.png,0.3012034595012665,0.3052370846271515,0.00403362512588501
frame_0812.png,0.3018474578857422,0.29524046182632446,0.006606996059417725
frame_0813.png,0.3018474578857422,0.3746805489063263,0.0728330910205841
frame_0814.png,0.3018474578857422,0.2819371223449707,0.019910335540771484
frame_0815.png,0.3016461133956909,0.30361297726631165,0.0019668638706207275
frame_0816.png,0.3015464246273041,0.3002128303050995,0.0013335943222045898
frame_0817.png,0.3015464246273041,0.2806297540664673,0.020916670560836792
frame_0818.png,0.30163687467575073,0.2790026366710663,0.022634238004684448
frame_0819.png,0.30208027362823486,0.328016459941864,0.02593618631362915
frame_0820.png,0.30208027362823486,0.3009575605392456,0.0011227130889892578
frame_0821.png,0.30208027362823486,0.3054180145263672,0.0033377408981323242
frame_0822.png,0.3029828667640686,0.29121169447898865,0.011771172285079956
frame_0823.png,0.30342522263526917,0.29618340730667114,0.0072418153285980225
frame_0824.png,0.30342522263526917,0.3105361759662628,0.007110953330993652
frame_0825.png,0.3036000430583954,0.26298603415489197,0.04061400890350342
frame_0826.png,0.30444061756134033,0.3089132010936737,0.004472583532333374
frame_0827.png,0.30444061756134033,0.3050316274166107,0.0005910098552703857
frame_0828.png,0.30444061756134033,0.32064586877822876,0.016205251216888428
frame_0829.png,0.30535054206848145,0.32633551955223083,0.02098497748374939
frame_0830.png,0.30579647421836853,0.3147956430912018,0.008999168872833252
frame_0831.png,0.30579647421836853,0.28376734256744385,0.022029131650924683
frame_0832.png,0.30587175488471985,0.35369229316711426,0.04782053828239441
frame_0833.png,0.3062322735786438,0.26346150040626526,0.04277077317237854
frame_0834.png,0.3062322735786438,0.3467212915420532,0.040489017963409424
frame_0835.png,0.3062322735786438,0.32676902413368225,0.020536750555038452
frame_0836.png,0.30657631158828735,0.2869422435760498,0.01963406801223755
frame_0837.png,0.306742399930954,0.31161925196647644,0.004876852035522461
frame_0838.png,0.306742399930954,0.28804442286491394,0.01869797706604004
frame_0839.png,0.30684229731559753,0.30174630880355835,0.005095988512039185
frame_0840.png,0.3073115646839142,0.32003116607666016,0.012719601392745972
frame_0841.png,0.3073115646839142,0.2820887565612793,0.025222808122634888
frame_0842.png,0.3073115646839142,0.31997445225715637,0.012662887573242188
frame_0843.png,0.3079805374145508,0.31356629729270935,0.005585759878158569
frame_0844.png,0.30830350518226624,0.301071435213089,0.007232069969177246
frame_0845.png,0.30830350518226624,0.2621340751647949,0.046169430017471313
frame_0846.png,0.30844083428382874,0.32195377349853516,0.013512939214706421
frame_0847.png,0.3090834617614746,0.3342515826225281,0.025168120861053467
frame_0848.png,0.3090834617614746,0.31039223074913025,0.0013087689876556396
frame_0849.png,0.3090834617614746,0.3307756781578064,0.021692216396331787
frame_0850.png,0.30939972400665283,0.2938500642776489,0.015549659729003906
frame_0851.png,0.30955010652542114,0.2771730124950409,0.03237709403038025
frame_0852.png,0.30955010652542114,0.32886603474617004,0.0193159282207489
frame_0853.png,0.30980005860328674,0.24070094525814056,0.06909911334514618
frame_0854.png,0.3109697699546814,0.3125907778739929,0.0016210079193115234
frame_0855.png,0.3109697699546814,0.37970077991485596,0.06873100996017456
frame_0856.png,0.3109697699546814,0.33206963539123535,0.021099865436553955
frame_0857.png,0.3114635646343231,0.2995229959487915,0.011940568685531616
frame_0858.png,0.3116983473300934,0.329373300075531,0.017674952745437622
frame_0859.png,0.3116983473300934,0.2854253053665161,0.02627304196357727
frame_0860.png,0.31177979707717896,0.3071327805519104,0.004647016525268555
frame_0861.png,0.31215232610702515,0.3201829791069031,0.00803065299987793
frame_0862.png,0.31215232610702515,0.29486554861068726,0.01728677749633789
frame_0863.png,0.31215232610702515,0.31397271156311035,0.001820385456085205
frame_0864.png,0.31256821751594543,0.3222350776195526,0.009666860103607178
frame_0865.png,0.3127650320529938,0.2998480498790741,0.012916982173919678
frame_0866.png,0.3127650320529938,0.31039959192276,0.0023654401302337646
frame_0867.png,0.3128294348716736,0.3191754221916199,0.006345987319946289
frame_0868.png,0.31312406063079834,0.2923358976840973,0.02078816294670105
frame_0869.png,0.31312406063079834,0.32154878973960876,0.008424729108810425
frame_0870.png,0.31312406063079834,0.3148530423641205,0.0017289817333221436
frame_0871.png,0.31365570425987244,0.3928785026073456,0.07922279834747314
frame_0872.png,0.31390464305877686,0.2912927567958832,0.022611886262893677
frame_0873.png,0.31390464305877686,0.3373270630836487,0.023422420024871826
frame_0874.png,0.31409233808517456,0.33061009645462036,0.0165177583694458
frame_0875.png,0.31493180990219116,0.27911511063575745,0.035816699266433716
frame_0876.png,0.31493180990219116,0.3378622233867645,0.022930413484573364
frame_0877.png,0.31493180990219116,0.31301841139793396,0.0019133985042572021
frame_0878.png,0.315711110830307,0.33506330847740173,0.019352197647094727
frame_0879.png,0.31607428193092346,0.33688777685165405,0.02081349492073059
frame_0880.png,0.31607428193092346,0.3146146833896637,0.0014595985412597656
frame_0881.png,0.3163025975227356,0.31472817063331604,0.0015744268894195557
frame_0882.png,0.31732380390167236,0.3106120824813843,0.006711721420288086
frame_0883.png,0.31732380390167236,0.31348997354507446,0.0038338303565979004
frame_0884.png,0.31732380390167236,0.34057512879371643,0.023251324892044067
frame_0885.png,0.3178890347480774,0.2939341962337494,0.023954838514328003
frame_0886.png,0.3181496858596802,0.32590073347091675,0.007751047611236572
frame_0887.png,0.3181496858596802,0.31016436219215393,0.007985323667526245
frame_0888.png,0.31826165318489075,0.3466327488422394,0.028371095657348633
frame_0889.png,0.3187534213066101,0.29060229659080505,0.028151124715805054
frame_0890.png,0.3187534213066101,0.3629608750343323,0.04420745372772217
frame_0891.png,0.3187534213066101,0.311845988035202,0.006907433271408081
frame_0892.png,0.31925034523010254,0.2917691171169281,0.02748122811317444
frame_0893.png,0.31947949528694153,0.33268284797668457,0.013203352689743042
frame_0894.png,0.31947949528694153,0.2788826823234558,0.04059681296348572
frame_0895.png,0.31959599256515503,0.3266541659832001,0.007058173418045044
frame_0896.png,0.3201056122779846,0.27077701687812805,0.04932859539985657
frame_0897.png,0.3201056122779846,0.3261115849018097,0.006005972623825073
frame_0898.png,0.3201056122779846,0.3375150263309479,0.017409414052963257
frame_0899.png,0.32059410214424133,0.34924426674842834,0.02865016460418701
frame_0900.png,0.32081592082977295,0.32871583104133606,0.00789991021156311
frame_0901.png,0.32081592082977295,0.28928956389427185,0.0315263569355011
frame_0902.png,0.32089006900787354,0.3341849744319916,0.013294905424118042
frame_0903.png,0.32121437788009644,0.28389501571655273,0.0373193621635437
frame_0904.png,0.32121437788009644,0.30888664722442627,0.012327730655670166
frame_0905.png,0.32121437788009644,0.3590588867664337,0.03784450888633728
frame_0906.png,0.32148846983909607,0.3352501690387726,0.013761699199676514
frame_0907.png,0.3216129541397095,0.3349781930446625,0.013365238904953003
frame_0908.png,0.3216129541397095,0.28933629393577576,0.032276660203933716
frame_0909.png,0.32176849246025085,0.3302152454853058,0.008446753025054932
frame_0910.png,0.32243436574935913,0.3108224868774414,0.011611878871917725
frame_0911.png,0.32243436574935913,0.2878127694129944,0.034621596336364746
frame_0912.png,0.32243436574935913,0.28958556056022644,0.03284880518913269
frame_0913.png,0.32244229316711426,0.21480579674243927,0.10763649642467499
frame_0914.png,0.3224458396434784,0.3094300627708435,0.013015776872634888
frame_0915.png,0.3224458396434784,0.2977811396121979,0.024664700031280518
frame_0916.png,0.32240158319473267,0.31597524881362915,0.006426334381103516
frame_0917.png,0.32221218943595886,0.29963943362236023,0.022572755813598633
frame_0918.png,0.32221218943595886,0.33557072281837463,0.013358533382415771
frame_0919.png,0.32221218943595886,0.3183537423610687,0.0038584470748901367
frame_0920.png,0.32283541560173035,0.2887769639492035,0.034058451652526855
frame_0921.png,0.3231140673160553,0.2940797209739685,0.029034346342086792
frame_0922.png,0.3231140673160553,0.32163459062576294,0.0014794766902923584
frame_0923.png,0.3234466314315796,0.33245033025741577,0.009003698825836182
frame_0924.png,0.3248400092124939,0.30989253520965576,0.014947474002838135
frame_0925.png,0.3248400092124939,0.2980726957321167,0.026767313480377197
frame_0926.png,0.3248400092124939,0.3146427869796753,0.010197222232818604
frame_0927.png,0.3253602683544159,0.30108770728111267,0.024272561073303223
frame_0928.png,0.3255917429924011,0.35349419713020325,0.027902454137802124
frame_0929.png,0.3255917429924011,0.2971579432487488,0.028433799743652344
frame_0930.png,0.32576221227645874,0.28633642196655273,0.039425790309906006
frame_0931.png,0.32647645473480225,0.32364389300346375,0.002832561731338501
frame_0932.png,0.32647645473480225,0.29536205530166626,0.031114399433135986
frame_0933.png,0.32647645473480225,0.3038153052330017,0.022661149501800537
frame_0934.png,0.3267812132835388,0.3047466278076172,0.02203458547592163
frame_0935.png,0.32691535353660583,0.32698071002960205,6.535649299621582e-05
frame_0936.png,0.32691535353660583,0.2988887429237366,0.028026610612869263
frame_0937.png,0.32702019810676575,0.2794581353664398,0.04756206274032593
frame_0938.png,0.32745206356048584,0.3295179009437561,0.0020658373832702637
frame_0939.png,0.32745206356048584,0.28259801864624023,0.044854044914245605
frame_0940.png,0.32745206356048584,0.33544105291366577,0.007988989353179932
frame_0941.png,0.32779908180236816,0.29981422424316406,0.0279848575592041
frame_0942.png,0.3279518485069275,0.2678443491458893,0.06010749936103821
frame_0943.png,0.3279518485069275,0.2860381603240967,0.04191368818283081
frame_0944.png,0.3281290531158447,0.3144976794719696,0.013631373643875122
frame_0945.png,0.3288559317588806,0.3190156817436218,0.009840250015258789
frame_0946.png,0.3288559317588806,0.2148837149143219,0.11397221684455872
frame_0947.png,0.3288559317588806,0.3034776449203491,0.025378286838531494
frame_0948.png,0.3295392096042633,0.29541659355163574,0.034122616052627563
frame_0949.png,0.32983532547950745,0.3241307735443115,0.005704551935195923
frame_0950.png,0.32983532547950745,0.26437798142433167,0.06545734405517578
frame_0951.png,0.32972586154937744,0.32972779870033264,1.9371509552001953e-06
frame_0952.png,0.329276978969574,0.33547842502593994,0.006201446056365967
frame_0953.png,0.329276978969574,0.303029328584671,0.026247650384902954
frame_0954.png,0.329276978969574,0.3345779776573181,0.005300998687744141
frame_0955.png,0.32943397760391235,0.3477858304977417,0.018351852893829346
frame_0956.png,0.32950201630592346,0.28446531295776367,0.04503670334815979
frame_0957.png,0.32950201630592346,0.32060831785202026,0.008893698453903198
frame_0958.png,0.3297877609729767,0.3375970125198364,0.007809251546859741
frame_0959.png,0.3309355080127716,0.29888179898262024,0.03205370903015137
frame_0960.png,0.3309355080127716,0.3225071430206299,0.008428364992141724
frame_0961.png,0.3309355080127716,0.2889717221260071,0.041963785886764526
frame_0962.png,0.33165159821510315,0.3493053913116455,0.01765379309654236
frame_0963.png,0.33195701241493225,0.2691546082496643,0.06280240416526794
frame_0964.png,0.33195701241493225,0.3130112290382385,0.018945783376693726
frame_0965.png,0.3319556415081024,0.3134709298610687,0.01848471164703369
frame_0966.png,0.33195003867149353,0.34946009516716003,0.017510056495666504
frame_0967.png,0.33195003867149353,0.346743643283844,0.014793604612350464
frame_0968.png,0.33195003867149353,0.2307545393705368,0.10119549930095673
frame_0969.png,0.3327587842941284,0.3047862946987152,0.027972489595413208
frame_0970.png,0.333103746175766,0.30415579676628113,0.028947949409484863
frame_0971.png,0.333103746175766,0.29945215582847595,0.03365159034729004
frame_0972.png,0.3334454298019409,0.333519846200943,7.44163990020752e-05
frame_0973.png,0.3347896635532379,0.32311469316482544,0.011674970388412476
frame_0974.png,0.3347896635532379,0.33427441120147705,0.0005152523517608643
frame_0975.png,0.3347896635532379,0.3158242106437683,0.018965452909469604
frame_0976.png,0.3392982482910156,0.3387884199619293,0.0005098283290863037
frame_0977.png,0.34121227264404297,0.35055094957351685,0.009338676929473877
frame_0978.png,0.34121227264404297,0.3634427785873413,0.02223050594329834
frame_0979.png,0.3456646502017975,0.30475565791130066,0.040908992290496826
frame_0980.png,0.3631821870803833,0.33222874999046326,0.030953437089920044
frame_0981.png,0.3631821870803833,0.29198941588401794,0.07119277119636536
frame_0982.png,0.3631821870803833,0.330247163772583,0.03293502330780029
frame_0983.png,0.3955669403076172,0.30450311303138733,0.09106382727622986
frame_0984.png,0.4091624319553375,0.2829436957836151,0.1262187361717224
frame_0985.png,0.4091624319553375,0.31505754590034485,0.09410488605499268
frame_0986.png,0.4207751154899597,0.3569248616695404,0.06385025382041931
frame_0987.png,0.46572738885879517,0.22326146066188812,0.24246592819690704
frame_0988.png,0.46572738885879517,0.3111710846424103,0.1545563042163849
frame_0989.png,0.46572738885879517,0.3370228409767151,0.12870454788208008
frame_0990.png,0.506212055683136,0.277486115694046,0.22872593998908997
frame_0991.png,0.5232080221176147,0.29598289728164673,0.22722512483596802
frame_0992.png,0.5232080221176147,0.29103612899780273,0.232171893119812
frame_0993.png,0.5336966514587402,0.2689937651157379,0.2647028863430023
frame_0994.png,0.5741286873817444,0.3132815659046173,0.2608471214771271
frame_0995.png,0.5741286873817444,0.2550605237483978,0.31906816363334656
frame_0996.png,0.5741286873817444,0.31471994519233704,0.25940874218940735
frame_0997.png,0.6057831048965454,0.29426315426826477,0.31151995062828064
frame_0998.png,0.6188610196113586,0.22849835455417633,0.3903626799583435
frame_0999.png,0.6188610196113586,0.29257938265800476,0.3262816369533539
frame_1000.png,0.6269111633300781,0.33474698662757874,0.2921641767024994
frame_1001.png,0.6574506163597107,0.2905476987361908,0.3669029176235199
frame_1002.png,0.6574506163597107,0.3550087511539459,0.30244186520576477
frame_1003.png,0.6574506163597107,0.2898412048816681,0.3676094114780426
frame_1004.png,0.6815284490585327,0.30613231658935547,0.37539613246917725
frame_1005.png,0.6914761066436768,0.22757236659526825,0.4639037251472473
frame_1006.png,0.6914761066436768,0.3375697433948517,0.3539063632488251
frame_1007.png,0.6977505087852478,0.20055489242076874,0.49719560146331787
frame_1008.png,0.7214539647102356,0.35639894008636475,0.36505502462387085
frame_1009.png,0.7214539647102356,0.2875025272369385,0.4339514374732971
frame_1010.png,0.7214539647102356,0.33740463852882385,0.38404932618141174
frame_1011.png,0.7404492497444153,0.2229245901107788,0.5175246596336365
frame_1012.png,0.7481715679168701,0.4782516062259674,0.2699199616909027
frame_1013.png,0.7481715679168701,0.2929944396018982,0.4551771283149719
frame_1014.png,0.7531708478927612,0.3314899206161499,0.42168092727661133
frame_1015.png,0.7720568776130676,0.33479681611061096,0.43726006150245667
frame_1016.png,0.7720568776130676,0.34117043018341064,0.430886447429657
frame_1017.png,0.7720568776130676,0.2875290513038635,0.4845278263092041
frame_1018.png,0.7873039245605469,0.34702548384666443,0.44027844071388245
frame_1019.png,0.7935025095939636,0.3511664569377899,0.4423360526561737
frame_1020.png,0.7935025095939636,0.24540278315544128,0.5480997562408447
frame_1021.png,0.7976417541503906,0.36733943223953247,0.43030232191085815
frame_1022.png,0.8129697442054749,0.2136368751525879,0.599332869052887
frame_1023.png,0.8129697442054749,0.37769919633865356,0.4352705478668213
frame_1024.png,0.8129697442054749,0.4734461009502411,0.33952364325523376
frame_1025.png,0.8257728815078735,0.34420523047447205,0.4815676510334015
frame_1026.png,0.8309537172317505,0.28972357511520386,0.5412301421165466
frame_1027.png,0.8309537172317505,0.6536284685134888,0.17732524871826172
frame_1028.png,0.8344611525535583,0.48703911900520325,0.3474220335483551
frame_1029.png,0.8474496603012085,0.430085688829422,0.4173639714717865
frame_1030.png,0.8474496603012085,0.2982434332370758,0.5492062568664551
frame_1031.png,0.8474496603012085,0.4186808466911316,0.4287688136100769
frame_1032.png,0.8582071661949158,0.2826005220413208,0.575606644153595
frame_1033.png,0.8625101447105408,0.37264084815979004,0.48986929655075073
frame_1034.png,0.8625101447105408,0.34580937027931213,0.5167007446289062
frame_1035.png,0.8655235767364502,0.49654874205589294,0.36897483468055725
frame_1036.png,0.8765110969543457,0.3101135492324829,0.5663975477218628
frame_1037.png,0.8765110969543457,0.33793020248413086,0.5385808944702148
frame_1038.png,0.8765110969543457,0.46773967146873474,0.40877142548561096
frame_1039.png,0.8856222033500671,0.285016268491745,0.6006059646606445
frame_1040.png,0.8892498016357422,0.487662136554718,0.40158766508102417
frame_1041.png,0.8892498016357422,0.3295154869556427,0.5597343444824219
frame_1042.png,0.8917614221572876,0.22002361714839935,0.671737790107727
frame_1043.png,0.9008805155754089,0.41267669200897217,0.48820382356643677
frame_1044.png,0.9008805155754089,0.4208526611328125,0.48002785444259644
frame_1045.png,0.9008805155754089,0.3221648633480072,0.5787156820297241
frame_1046.png,0.9085595607757568,0.38459688425064087,0.523962676525116
frame_1047.png,0.9115813374519348,0.44688084721565247,0.46470049023628235
frame_1048.png,0.9115813374519348,0.31407228112220764,0.5975090265274048
frame_1049.png,0.9137288928031921,0.673439621925354,0.24028927087783813
frame_1050.png,0.9214078187942505,0.3130588233470917,0.6083489656448364
frame_1051.png,0.9214078187942505,0.2958705425262451,0.6255372762680054
frame_1052.png,0.9214078187942505,0.3396361768245697,0.5817716121673584
frame_1053.png,0.9276599287986755,0.4182412624359131,0.5094186663627625
frame_1054.png,0.9301202297210693,0.39999279379844666,0.5301274061203003
frame_1055.png,0.9301202297210693,0.3093085289001465,0.6208117008209229
frame_1056.png,0.9319061636924744,0.34641721844673157,0.5854889154434204
frame_1057.png,0.9382650852203369,0.4071207642555237,0.5311443209648132
frame_1058.png,0.9382650852203369,0.36125877499580383,0.5770063400268555
frame_1059.png,0.9382650852203369,0.3713182508945465,0.5669468641281128
frame_1060.png,0.9435302019119263,0.2963515818119049,0.6471786499023438
frame_1061.png,0.945568323135376,0.3552792966365814,0.5902889966964722
frame_1062.png,0.945568323135376,0.41890668869018555,0.5266616344451904
frame_1063.png,0.9470466375350952,0.3408629596233368,0.606183648109436
frame_1064.png,0.9523103833198547,0.5560378432273865,0.39627254009246826
frame_1065.png,0.9523103833198547,0.3443560302257538,0.6079543828964233
frame_1066.png,0.9523103833198547,0.34114155173301697,0.6111688613891602
frame_1067.png,0.9566477537155151,0.3419657051563263,0.6146820783615112
frame_1068.png,0.9583267569541931,0.47599485516548157,0.48233190178871155
frame_1069.png,0.9583267569541931,0.3237084746360779,0.6346182823181152
frame_1070.png,0.9595276117324829,0.490522176027298,0.46900543570518494
frame_1071.png,0.9637216329574585,0.3316543996334076,0.6320672035217285
frame_1072.png,0.9637216329574585,0.33147329092025757,0.6322483420372009
frame_1073.png,0.9637216329574585,0.3906310498714447,0.5730905532836914
frame_1074.png,0.9673559069633484,0.3841772973537445,0.5831786394119263
frame_1075.png,0.9687563180923462,0.40427136421203613,0.5644849538803101
frame_1076.png,0.9687563180923462,0.33080944418907166,0.6379468441009521
frame_1077.png,0.9697218537330627,0.3618827760219574,0.6078391075134277
frame_1078.png,0.9730939269065857,0.499009370803833,0.4740845561027527
frame_1079.png,0.9730939269065857,0.35728058218955994,0.6158133745193481
frame_1080.png,0.9730939269065857,0.375744104385376,0.5973498225212097
frame_1081.png,0.9759999513626099,0.3928382992744446,0.5831616520881653
frame_1082.png,0.9771063327789307,0.42781007289886475,0.5492962598800659
frame_1083.png,0.9771063327789307,0.3180256485939026,0.6590806841850281
frame_1084.png,0.9779201149940491,0.4410368502140045,0.5368832349777222
frame_1085.png,0.9807084798812866,0.6709203720092773,0.3097881078720093
frame_1086.png,0.9807084798812866,0.35617518424987793,0.6245332956314087
frame_1087.png,0.9807084798812866,0.3357599973678589,0.6449484825134277
frame_1088.png,0.9829169511795044,0.5117939114570618,0.4711230397224426
frame_1089.png,0.9837539792060852,0.37921983003616333,0.6045341491699219
frame_1090.png,0.9837539792060852,0.4187791049480438,0.5649749040603638
frame_1091.png,0.984387993812561,0.3485705256462097,0.6358174681663513
frame_1092.png,0.9865603446960449,0.2986282408237457,0.6879321336746216
frame_1093.png,0.9865603446960449,0.4047921299934387,0.5817682147026062
frame_1094.png,0.9865603446960449,0.3146478831768036,0.671912431716919
frame_1095.png,0.9884011745452881,0.41631391644477844,0.572087287902832
frame_1096.png,0.9890903830528259,0.4244283437728882,0.5646620392799377
frame_1097.png,0.9890903830528259,0.4032805562019348,0.5858098268508911
frame_1098.png,0.9895798563957214,0.5135599374771118,0.4760199189186096
frame_1099.png,0.991232693195343,0.316708505153656,0.674524188041687
frame_1100.png,0.991232693195343,0.2703912854194641,0.7208414077758789
frame_1101.png,0.991232693195343,0.2657739818096161,0.7254587411880493
frame_1102.png,0.9924980401992798,0.45912688970565796,0.5333711504936218
frame_1103.png,0.9929718375205994,0.36119407415390015,0.6317777633666992
frame_1104.png,0.9929718375205994,0.4095577299594879,0.5834140777587891
frame_1105.png,0.9933153986930847,0.33120420575141907,0.6621111631393433
frame_1106.png,0.9944703578948975,0.3611166477203369,0.6333537101745605
frame_1107.png,0.9944703578948975,0.4315771460533142,0.5628932118415833
frame_1108.png,0.9944703578948975,0.43558675050735474,0.5588836073875427
frame_1109.png,0.9956658482551575,0.2987216114997864,0.6969442367553711
frame_1110.png,0.9961060285568237,0.4877036511898041,0.5084023475646973
frame_1111.png,0.9961060285568237,0.39618343114852905,0.5999225974082947
frame_1112.png,0.9963573813438416,0.35028505325317383,0.6460723280906677
frame_1113.png,0.9972025752067566,0.5702700614929199,0.42693251371383667
frame_1114.png,0.9972025752067566,0.39497900009155273,0.6022235751152039
frame_1115.png,0.9972025752067566,0.5787140130996704,0.4184885621070862
frame_1116.png,0.9979249835014343,0.35155555605888367,0.646369457244873
frame_1117.png,0.9981909394264221,0.3525314927101135,0.6456594467163086
frame_1118.png,0.9981909394264221,0.32172927260398865,0.6764616966247559
frame_1119.png,0.9983600974082947,0.3935186266899109,0.6048414707183838
frame_1120.png,0.9989184141159058,0.6397818326950073,0.35913658142089844
frame_1121.png,0.9989184141159058,0.33911365270614624,0.6598047614097595
frame_1122.png,0.9989184141159058,0.4983120560646057,0.5006063580513
frame_1123.png,0.9993854761123657,0.41361793875694275,0.5857675075531006
frame_1124.png,0.9995545148849487,0.3488408029079437,0.6507136821746826
frame_1125.png,0.9995545148849487,0.3767039477825165,0.6228505373001099
frame_1126.png,0.999624490737915,0.609529972076416,0.390094518661499
frame_1127.png,0.9998554587364197,0.3699924945831299,0.6298629641532898
frame_1128.png,0.9998554587364197,0.40880194306373596,0.5910534858703613
frame_1129.png,0.9998554587364197,0.33857083320617676,0.6612846255302429
frame_1130.png,1.0,0.48073965311050415,0.5192603468894958
frame_1131.png,1.0,0.33984237909317017,0.6601576209068298
frame_1132.png,1.0,0.7028828859329224,0.29711711406707764
frame_1133.png,1.0,0.39158084988594055,0.6084191799163818
frame_1134.png,1.0,0.3830534815788269,0.6169465184211731
frame_1135.png,1.0,0.3004503846168518,0.6995496153831482
frame_1136.png,1.0,0.3325429856777191,0.6674569845199585
frame_1137.png,1.0,0.3667830228805542,0.6332169771194458
frame_1138.png,1.0,0.5348270535469055,0.4651729464530945
frame_1139.png,1.0,0.4722970724105835,0.5277029275894165
frame_1140.png,1.0,0.3761613070964813,0.6238386631011963
frame_1141.png,1.0,0.36899223923683167,0.6310077905654907
frame_1142.png,1.0,0.4020814597606659,0.5979185104370117
frame_1143.png,1.0,0.3383179306983948,0.6616820693016052
frame_1144.png,0.9999884366989136,0.5037495493888855,0.4962388873100281
frame_1145.png,0.9999663233757019,0.3897460103034973,0.6102203130722046
frame_1146.png,0.9999663233757019,0.3166492283344269,0.6833170652389526
frame_1147.png,0.9998384118080139,0.3936644196510315,0.6061739921569824
frame_1148.png,0.9994297027587891,0.2934332489967346,0.7059964537620544
frame_1149.png,0.9994297027587891,0.37779924273490906,0.6216304302215576
frame_1150.png,0.9994297027587891,0.3693710267543793,0.6300586462020874
frame_1151.png,0.99910569190979,0.36237213015556335,0.6367335319519043
frame_1152.png,0.9989903569221497,0.36107105016708374,0.6379193067550659
frame_1153.png,0.9989903569221497,0.3959750533103943,0.6030153036117554
frame_1154.png,0.9988479614257812,0.30209243297576904,0.6967555284500122
frame_1155.png,0.9983949661254883,0.34449079632759094,0.6539041996002197
frame_1156.png,0.9983949661254883,0.3458506166934967,0.652544379234314
frame_1157.png,0.9983949661254883,0.33698225021362305,0.6614127159118652
frame_1158.png,0.9979898929595947,0.38089004158973694,0.6170998811721802
frame_1159.png,0.9978481531143188,0.440105140209198,0.5577430129051208
frame_1160.png,0.9978481531143188,0.5521184802055359,0.44572967290878296
frame_1161.png,0.9976813793182373,0.5349211692810059,0.46276021003723145
frame_1162.png,0.9971507787704468,0.3148820996284485,0.6822686791419983
frame_1163.png,0.9971507787704468,0.37616562843322754,0.6209851503372192
frame_1164.png,0.9971507787704468,0.41594693064689636,0.581203818321228
frame_1165.png,0.9966252446174622,0.36946985125541687,0.6271554231643677
frame_1166.png,0.9964414238929749,0.3776085078716278,0.6188329458236694
frame_1167.png,0.9964414238929749,0.3721484839916229,0.6242929697036743
frame_1168.png,0.9963119029998779,0.3828519582748413,0.6134599447250366
frame_1169.png,0.995907187461853,0.36793187260627747,0.627975344657898
frame_1170.png,0.995907187461853,0.33658984303474426,0.6593173742294312
frame_1171.png,0.995907187461853,0.36767578125,0.628231406211853
frame_1172.png,0.9952302575111389,0.34490469098091125,0.6503255367279053
frame_1173.png,0.9949975609779358,0.3327220678329468,0.662275493144989
frame_1174.png,0.9949975609779358,0.39192625880241394,0.6030713319778442
frame_1175.png,0.9948136210441589,0.3438248336315155,0.6509888172149658
frame_1176.png,0.994239091873169,0.3395788073539734,0.6546602845191956
frame_1177.png,0.994239091873169,0.4973256289958954,0.49691346287727356
frame_1178.png,0.994239091873169,0.3571200668811798,0.6371190547943115
frame_1179.png,0.9936349391937256,0.444904088973999,0.5487308502197266
frame_1180.png,0.9934272766113281,0.29384827613830566,0.6995790004730225
frame_1181.png,0.9934272766113281,0.427400141954422,0.5660271644592285
frame_1182.png,0.9932283163070679,0.4161183536052704,0.5771099328994751
frame_1183.png,0.9926179051399231,0.43190741539001465,0.5607104897499084
frame_1184.png,0.9926179051399231,0.5308046936988831,0.46181321144104004
frame_1185.png,0.9926179051399231,0.6308254599571228,0.3617924451828003
frame_1186.png,0.9918838739395142,0.32580921053886414,0.6660746335983276
frame_1187.png,0.9916326403617859,0.3389073610305786,0.6527252793312073
frame_1188.png,0.9916326403617859,0.40427514910697937,0.5873575210571289
frame_1189.png,0.9913644194602966,0.45796898007392883,0.5333954095840454
frame_1190.png,0.9905416369438171,0.560535192489624,0.4300064444541931
frame_1191.png,0.9905416369438171,0.33541032671928406,0.6551313400268555
frame_1192.png,0.9905416369438171,0.3749738335609436,0.6155678033828735
frame_1193.png,0.9897981286048889,0.4184626638889313,0.5713354349136353
frame_1194.png,0.9895469546318054,0.6403194665908813,0.3492274880409241
frame_1195.png,0.9895469546318054,0.3976615369319916,0.5918854475021362
frame_1196.png,0.9892926216125488,0.47471344470977783,0.514579176902771
frame_1197.png,0.9885227680206299,0.49503403902053833,0.49348872900009155
frame_1198.png,0.9885227680206299,0.32185840606689453,0.6666643619537354
